time,pm10 std,pm25 std,pm100 std,pm10 env,pm24 env,pm100 env,par03,par05,par10,par25,par50,par100,temperature,gas,humidity,pressure,altitude
Wed Feb 18 15:32:51 2026,0,0,0,0,0,0,159,37,3,1,0,0,34.4387890625,114779,100,640.3494446874503,3707.0907939433687
Wed Feb 18 15:32:52 2026,0,0,0,0,0,0,159,37,3,1,0,0,23.07140625,44710,35.16089002500896,1003.3396708177311,82.83892545298363
Wed Feb 18 15:32:53 2026,0,0,0,0,0,0,159,37,3,1,0,0,23.105,63869,35.11793009115968,1003.3340507727398,82.88609014389884
Wed Feb 18 15:32:54 2026,0,0,0,0,0,0,186,45,3,1,0,0,23.1415234375,78147,35.04065282199332,1003.3245442175245,82.96587179615541
Wed Feb 18 15:32:55 2026,0,0,0,0,0,0,186,45,3,1,0,0,23.174921875,89722,34.94581908036282,1003.3255534817603,82.95740174127766
Wed Feb 18 15:32:56 2026,0,0,0,0,0,0,186,45,3,1,0,0,23.206171875,101711,34.88539665191977,1003.3230221421912,82.97864553202074
Wed Feb 18 15:32:57 2026,0,0,0,0,0,0,180,45,4,1,0,0,23.235078125,110202,34.8074941532552,1003.325333242638,82.9592500549224
Wed Feb 18 15:32:58 2026,0,0,0,0,0,0,180,45,4,1,0,0,23.2596875,117995,34.74073161158792,1003.311865405444,83.0722768617961
Wed Feb 18 15:32:59 2026,0,0,0,0,0,0,180,45,4,1,0,0,23.28078125,123602,34.67366207568824,1003.3013134156572,83.1608337142636
Wed Feb 18 15:33:00 2026,0,0,0,0,0,0,165,40,4,1,0,0,23.29796875,128450,34.61200177706694,1003.2999998456488,83.17185781348658
Wed Feb 18 15:33:01 2026,0,0,0,0,0,0,165,40,4,1,0,0,23.3133984375,133189,34.57894853412738,1003.3010154986957,83.16333397293054
Wed Feb 18 15:33:02 2026,0,0,0,0,0,0,165,40,4,1,0,0,23.3284375,137219,34.52286812538354,1003.3013873832282,83.16021294386172
Wed Feb 18 15:33:03 2026,0,0,0,0,0,0,156,38,5,1,0,0,23.3442578125,139712,34.472626287648104,1003.2995615732981,83.17553600442209
Wed Feb 18 15:33:04 2026,0,0,0,0,0,0,156,38,5,1,0,0,23.36046875,143684,34.42243559772791,1003.2948950067887,83.2147001405068
Wed Feb 18 15:33:05 2026,0,0,0,0,0,0,156,38,5,1,0,0,23.37921875,146541,34.37249742165307,1003.2961458907542,83.20420208861327
Wed Feb 18 15:33:06 2026,0,0,0,0,0,0,153,38,5,1,0,0,23.3989453125,149514,34.35711797538259,1003.2972607985379,83.19484522665397
Wed Feb 18 15:33:07 2026,0,0,0,0,0,0,153,38,5,1,0,0,23.408515625,151694,34.29485561608413,1003.2973356069899,83.19421739712521
Wed Feb 18 15:33:08 2026,0,0,0,0,0,0,153,38,5,1,0,0,23.4157421875,154207,34.25535297220701,1003.2935538765522,83.22595559658774
Wed Feb 18 15:33:09 2026,0,0,0,0,0,0,168,43,5,1,0,0,23.420234375,155426,34.186918909468105,1003.2922382820664,83.23699675533206
Wed Feb 18 15:33:10 2026,0,0,0,0,0,0,168,43,5,1,0,0,23.4305859375,157924,34.10759409195549,1003.2935974687575,83.2255897481477
Wed Feb 18 15:33:11 2026,0,0,0,0,0,0,168,43,5,1,0,0,23.442109375,159347,34.022687478885494,1003.289918784604,83.25646322279808
Wed Feb 18 15:33:12 2026,0,1,1,0,1,1,153,44,8,1,0,0,23.45265625,161235,33.960646246784215,1003.293339694442,83.22775312436443
Wed Feb 18 15:33:13 2026,0,1,1,0,1,1,153,44,8,1,0,0,23.4630078125,163169,33.88715954945812,1003.2929560563863,83.23097281542965
Wed Feb 18 15:33:14 2026,0,1,1,0,1,1,153,44,8,1,0,0,23.4739453125,165304,33.84237705388866,1003.2952773453632,83.21149136038471
Wed Feb 18 15:33:15 2026,0,1,1,0,1,1,162,47,9,1,0,0,23.4815625,166236,33.76869156917556,1003.2921357494297,83.23785726347359
Wed Feb 18 15:33:16 2026,0,1,1,0,1,1,162,47,9,1,0,0,23.488203125,168292,33.6949507462032,1003.2891287312284,83.26309378302543
Wed Feb 18 15:33:17 2026,0,1,1,0,1,1,162,47,9,1,0,0,23.4942578125,170236,33.60404587881042,1003.2816745157083,83.32565384659893
Wed Feb 18 15:33:18 2026,0,1,1,0,1,1,168,49,9,1,0,0,23.496015625,171059,33.52993472123457,1003.2619267443896,83.49139031970448
Wed Feb 18 15:33:19 2026,0,1,1,0,1,1,168,49,9,1,0,0,23.496796875,171723,33.46147979321397,1003.2405723776594,83.67061338604702
Wed Feb 18 15:33:20 2026,0,1,1,0,1,1,168,49,9,1,0,0,23.4989453125,173577,33.376062908568144,1003.2162424760896,83.87481330482554
Wed Feb 18 15:33:21 2026,0,1,1,0,1,1,171,49,10,1,0,0,23.4993359375,174090,33.32475402771853,1003.1872793773189,84.11790469573458
Wed Feb 18 15:33:22 2026,0,1,1,0,1,1,171,49,10,1,0,0,23.4958203125,175645,33.2617025316039,1003.1588568519353,84.35646450230776
Wed Feb 18 15:33:23 2026,0,1,1,0,1,1,171,49,10,1,0,0,23.4925,177407,33.18729900350805,1003.1377218233583,84.53386144724364
Wed Feb 18 15:33:24 2026,0,1,1,0,1,1,168,49,11,1,0,0,23.4907421875,177943,33.12446797218254,1003.1121911424461,84.74815735314424
Wed Feb 18 15:33:25 2026,0,1,1,0,1,1,168,49,11,1,0,0,23.4909375,177052,33.073229561588974,1003.0846486913354,84.9793443300577
Wed Feb 18 15:33:26 2026,0,1,1,0,1,1,168,49,11,1,0,0,23.489765625,178122,33.021884844299265,1003.051374598598,85.25864865564002
Wed Feb 18 15:33:27 2026,0,1,1,0,1,1,159,46,10,1,0,0,23.4872265625,180117,32.9818149710198,1003.0106276356112,85.60069083025782
Wed Feb 18 15:33:28 2026,0,1,1,0,1,1,159,46,10,1,0,0,23.47921875,179751,32.929883425812434,1002.9783013557436,85.87205528003011
Wed Feb 18 15:33:29 2026,0,1,1,0,1,1,159,46,10,1,0,0,23.4669140625,187902,32.88326939786412,1002.9406502933739,86.18812779025119
Wed Feb 18 15:33:30 2026,0,1,1,0,1,1,168,48,10,1,0,0,23.45265625,189128,32.813759151859,1002.9032706821946,86.50193103059016
Wed Feb 18 15:33:31 2026,0,1,1,0,1,1,168,48,10,1,0,0,23.436640625,190058,32.75548902208819,1002.8699663191993,86.78153038714619
Wed Feb 18 15:33:32 2026,0,1,1,0,1,1,168,48,10,1,0,0,23.417890625,190475,32.70267817278969,1002.8408720443309,87.02579103997707
Wed Feb 18 15:33:33 2026,0,1,1,0,1,1,168,48,9,1,0,0,23.3985546875,191524,32.621455963913064,1002.8177791830605,87.21967097802401
Wed Feb 18 15:33:34 2026,0,1,1,0,1,1,168,48,9,1,0,0,23.368671875,192265,32.5847240085412,1002.7982347712099,87.38376214630155
Wed Feb 18 15:33:35 2026,0,1,1,0,1,1,168,48,9,1,0,0,23.339765625,193226,32.542420832843305,1002.7889995634239,87.46130009699192
Wed Feb 18 15:33:36 2026,0,1,1,0,1,1,153,45,10,1,0,0,23.30890625,193981,32.516971093694146,1002.7748082543663,87.58045014262187
Wed Feb 18 15:33:37 2026,0,1,1,0,1,1,153,45,10,1,0,0,23.27921875,193441,32.4973034314306,1002.7677641394763,87.63959294635569
Wed Feb 18 15:33:38 2026,0,1,1,0,1,1,153,45,10,1,0,0,23.251484375,194523,32.4608103335689,1002.76218834385,87.68640789354342
Wed Feb 18 15:33:39 2026,0,1,1,0,1,1,138,40,10,1,0,0,23.2235546875,195727,32.452647385309675,1002.7580291068848,87.72132940739341
Wed Feb 18 15:33:40 2026,0,1,1,0,1,1,138,40,10,1,0,0,23.1930859375,195948,32.43292615743528,1002.7462090710284,87.8205726609689
Wed Feb 18 15:33:41 2026,0,1,1,0,1,1,138,40,10,1,0,0,23.16125,197394,32.43008523640376,1002.7443212235282,87.83642347287568
Wed Feb 18 15:33:42 2026,0,0,0,0,0,0,129,39,7,1,0,0,23.1255078125,197282,32.4325625178497,1002.7394844325386,87.8770344185931
Wed Feb 18 15:33:43 2026,0,0,0,0,0,0,129,39,7,1,0,0,23.0895703125,199089,32.412362571881445,1002.7360615976274,87.90577351991885
Wed Feb 18 15:33:44 2026,0,0,0,0,0,0,129,39,7,1,0,0,23.0540234375,197730,32.42052371824683,1002.7332760192231,87.92916209189596
Wed Feb 18 15:33:45 2026,0,0,0,0,0,0,129,39,6,1,0,0,23.00890625,200235,32.422167929960814,1002.7338824788789,87.92407006584801
Wed Feb 18 15:33:46 2026,0,0,0,0,0,0,129,39,6,1,0,0,22.945625,200005,32.382555335649144,1002.7324353941519,87.93622024855443
Wed Feb 18 15:33:47 2026,0,0,0,0,0,0,129,39,6,1,0,0,22.8516796875,200581,32.334581710090475,1002.724010001485,88.00696280178296
Wed Feb 18 15:33:48 2026,0,0,0,0,0,0,108,34,6,1,0,0,22.7489453125,201278,32.297178890313795,1002.7289160532688,87.96576981098212
Wed Feb 18 15:33:49 2026,0,0,0,0,0,0,108,34,6,1,0,0,22.6473828125,202922,32.254253982954666,1002.7252672573984,87.99640640942039
Wed Feb 18 15:33:50 2026,0,0,0,0,0,0,108,34,6,1,0,0,22.53234375,203041,32.21582447124858,1002.7359078527974,87.90706440737156
Wed Feb 18 15:33:51 2026,0,0,0,0,0,0,84,27,2,0,0,0,22.4008984375,203993,32.18163144196443,1002.7281689144652,87.97204304892257
Wed Feb 18 15:33:52 2026,0,0,0,0,0,0,84,27,2,0,0,0,22.267109375,205197,32.13032699303615,1002.7286646997424,87.96788026241994
Wed Feb 18 15:33:53 2026,0,0,0,0,0,0,84,27,2,0,0,0,22.12765625,204834,32.1067930473466,1002.744082611719,87.8384269154979
Wed Feb 18 15:33:54 2026,0,0,0,0,0,0,63,20,1,0,0,0,21.9809765625,206048,32.105219602353685,1002.750979341753,87.78052045297123
Wed Feb 18 15:33:55 2026,0,0,0,0,0,0,63,20,1,0,0,0,21.8294140625,205197,32.13708073751991,1002.74799647319,87.80556523403101
Wed Feb 18 15:33:56 2026,0,0,0,0,0,0,63,20,1,0,0,0,21.674140625,202568,32.17990599030934,1002.7544280995692,87.75156404463078
Wed Feb 18 15:33:57 2026,0,0,0,0,0,0,60,19,1,0,0,0,21.52140625,202450,32.26246202913381,1002.7475724241442,87.80912564237329
Wed Feb 18 15:33:58 2026,0,0,0,0,0,0,60,19,1,0,0,0,21.3571484375,203874,32.32144632162838,1002.7563378071883,87.73552982102011
Wed Feb 18 15:33:59 2026,0,0,0,0,0,0,60,19,1,0,0,0,21.203046875,203754,32.38697557474702,1002.7556934803287,87.74093969401135
Wed Feb 18 15:34:00 2026,0,0,0,0,0,0,60,17,1,0,0,0,21.042109375,204955,32.49145182259824,1002.7523470258965,87.76903711435556
Wed Feb 18 15:34:01 2026,0,0,0,0,0,0,60,17,1,0,0,0,20.85890625,205804,32.58835758209631,1002.7451207454444,87.82971049575364
Wed Feb 18 15:34:02 2026,0,0,0,0,0,0,60,17,1,0,0,0,20.676875,205439,32.7023545430351,1002.7535547384518,87.75889693844088
Wed Feb 18 15:34:03 2026,0,0,0,0,0,0,66,19,1,0,0,0,20.5044140625,205561,32.80026991660738,1002.7394918148411,87.87697243475803
Wed Feb 18 15:34:04 2026,0,0,0,0,0,0,66,19,1,0,0,0,20.3313671875,206170,32.937776590401114,1002.7434011326342,87.84414878131467
Wed Feb 18 15:34:06 2026,0,0,0,0,0,0,66,19,1,0,0,0,20.1860546875,206170,33.100465873053665,1002.7409754343196,87.86451556584329
Wed Feb 18 15:34:07 2026,0,0,0,0,0,0,57,16,0,0,0,0,20.0440625,205561,33.27491086393076,1002.7525999153044,87.76691380772853
Wed Feb 18 15:34:08 2026,0,0,0,0,0,0,57,16,0,0,0,0,19.881171875,204955,33.47602066107983,1002.7504069213876,87.78532660800956
Wed Feb 18 15:34:09 2026,0,0,0,0,0,0,57,16,0,0,0,0,19.71359375,205318,33.69395398179218,1002.747282340095,87.81156125206992
Wed Feb 18 15:34:10 2026,0,0,0,0,0,0,48,13,0,0,0,0,19.5665234375,206048,33.8911962629254,1002.7502132579265,87.78695264538459
Wed Feb 18 15:34:11 2026,0,0,0,0,0,0,48,13,0,0,0,0,19.420625,205076,34.11152211664665,1002.749791534024,87.79049352497532
Wed Feb 18 15:34:12 2026,0,0,0,0,0,0,48,13,0,0,0,0,19.282734375,206783,34.34422857587461,1002.7417443366404,87.85805966064301
Wed Feb 18 15:34:13 2026,0,0,0,0,0,0,48,13,1,0,0,0,19.1415234375,205076,34.55977898684729,1002.7419687004611,87.85617584401611
Wed Feb 18 15:51:54 2026,0,0,0,0,0,0,48,13,1,0,0,0,19.0126171875,205682,34.793847286888166,1002.7434170728142,87.84401494361391
Wed Feb 18 15:51:55 2026,0,0,0,0,0,0,48,13,1,0,0,0,18.8930859375,205682,35.023337526884596,1002.7378088535354,87.89110304943264
Wed Feb 18 15:51:56 2026,0,0,0,0,0,0,39,10,1,0,0,0,18.7676953125,206170,35.241100913382425,1002.7293686759143,87.96196943525256
Wed Feb 18 15:51:57 2026,0,0,0,0,0,0,39,10,1,0,0,0,18.6450390625,205318,35.48233870177406,1002.7201978574875,88.03897105858246
Wed Feb 18 15:51:58 2026,0,0,0,0,0,0,39,10,1,0,0,0,18.5262890625,205804,35.68974470784481,1002.7260644583049,87.98971281705812
Wed Feb 18 15:51:59 2026,0,0,0,0,0,0,48,13,2,0,0,0,18.4091015625,206906,35.90903759057316,1002.72408357584,88.00634504359873
Wed Feb 18 15:52:01 2026,0,0,0,0,0,0,48,13,2,0,0,0,18.2911328125,206783,36.14581127634954,1002.7293885262142,87.96180276532539
Wed Feb 18 15:52:02 2026,0,0,0,0,0,0,48,13,2,0,0,0,18.1743359375,207771,36.359901700657076,1002.7296598045054,87.95952501999759
Wed Feb 18 15:52:03 2026,0,0,0,0,0,0,63,18,3,1,0,0,18.067890625,206537,36.575208979346606,1002.7314545220903,87.94445596980702
Wed Feb 18 15:52:04 2026,0,0,0,0,0,0,63,18,3,1,0,0,17.96984375,206660,36.756833753493346,1002.7350082855,87.91461744591801
Wed Feb 18 15:52:05 2026,0,0,0,0,0,0,63,18,3,1,0,0,17.8628125,207029,36.94357503774942,1002.7340096544269,87.92300226025525
Wed Feb 18 15:52:06 2026,0,0,0,0,0,0,72,20,3,1,0,0,17.7528515625,207400,37.11282222849159,1002.7332905937816,87.92903971928799
Wed Feb 18 15:52:07 2026,0,0,0,0,0,0,72,20,3,1,0,0,17.65734375,208020,37.27198221804055,1002.7374573421113,87.89405444026241
Wed Feb 18 15:52:08 2026,0,0,0,0,0,0,72,20,3,1,0,0,17.5614453125,206906,37.425426153851234,1002.7426616922105,87.85035730833637
Wed Feb 18 15:52:09 2026,0,0,0,0,0,0,81,21,4,1,0,0,17.4606640625,207523,37.584337417045695,1002.736289414495,87.90386070184681
Wed Feb 18 15:52:10 2026,0,0,0,0,0,0,81,21,4,1,0,0,17.3719921875,208269,37.73871899029226,1002.73957394425,87.87628285371923
Wed Feb 18 15:52:11 2026,0,0,0,0,0,0,81,21,4,1,0,0,17.279609375,208020,37.87539437727484,1002.7470271984715,87.8137034779208
Wed Feb 18 15:52:12 2026,0,0,0,0,0,0,81,21,4,1,0,0,17.1891796875,209524,38.04732664582457,1002.7525014925992,87.7677401830616
Wed Feb 18 15:52:13 2026,0,0,0,0,0,0,81,21,4,1,0,0,17.103046875,207523,38.208159353656015,1002.7391891572468,87.87951363130634
Wed Feb 18 15:52:14 2026,0,0,0,0,0,0,81,21,4,1,0,0,17.0219921875,206783,38.36962007787187,1002.7325348687335,87.93538502793572
Wed Feb 18 15:52:15 2026,0,0,0,0,0,0,96,24,7,1,0,0,16.942109375,208269,38.51379550771363,1002.7260706262123,87.989661029055
Wed Feb 18 15:52:16 2026,0,0,0,0,0,0,96,24,7,1,0,0,16.8708203125,207896,38.65306524083924,1002.7269216914677,87.98251517657364
Wed Feb 18 15:52:17 2026,0,0,0,0,0,0,96,24,7,1,0,0,16.796796875,208519,38.80388143696751,1002.7232199770427,88.01359614889165
Wed Feb 18 15:52:18 2026,0,0,0,0,0,0,105,25,7,1,0,0,16.7278515625,208519,38.949454851213986,1002.7261856164068,87.98869552940049
Wed Feb 18 15:52:19 2026,0,0,0,0,0,0,105,25,7,1,0,0,16.666328125,207029,39.10173473591955,1002.7224725399891,88.01987191991047
Wed Feb 18 15:52:20 2026,0,0,0,0,0,0,105,25,7,1,0,0,16.6145703125,206537,39.26684425425548,1002.7228647423997,88.01657883607798
Wed Feb 18 15:52:21 2026,0,1,1,0,1,1,144,36,11,1,0,0,16.566328125,207896,39.49124040736113,1002.7135645486733,88.09466715703257
Wed Feb 18 15:52:22 2026,0,1,1,0,1,1,144,36,11,1,0,0,16.5221875,205318,39.734004100631765,1002.7127757121419,88.10129058585416
Wed Feb 18 15:52:23 2026,0,1,1,0,1,1,144,36,11,1,0,0,16.48234375,205804,39.97754668494147,1002.7156543402618,88.07712034068108
Wed Feb 18 15:52:24 2026,0,0,0,0,0,0,153,34,10,1,0,0,16.4440625,205682,40.239320099049685,1002.7262832683128,87.98787560841593
Wed Feb 18 15:52:25 2026,0,0,0,0,0,0,153,34,10,1,0,0,16.4065625,205197,40.4956674090474,1002.7278642029504,87.97460151414624
Wed Feb 18 15:52:26 2026,0,0,0,0,0,0,153,34,10,1,0,0,16.369453125,206783,40.76429937377284,1002.7249189459503,87.99933096194992
Wed Feb 18 15:52:27 2026,0,1,1,0,1,1,186,42,10,1,0,0,16.3341015625,206170,41.039478064962154,1002.7231594265467,88.01410455416715
Wed Feb 18 15:52:28 2026,0,1,1,0,1,1,186,42,10,1,0,0,16.301484375,205682,41.32133599080584,1002.7242050859163,88.00532479899815
Wed Feb 18 15:52:29 2026,0,1,1,0,1,1,186,42,10,1,0,0,16.26828125,204955,41.5857420718327,1002.7225524624208,88.019200860035
Wed Feb 18 15:52:30 2026,0,0,0,0,0,0,186,42,9,1,0,0,16.234296875,205318,41.868382354696514,1002.7213220895196,88.02953155507134
Wed Feb 18 15:52:31 2026,0,0,0,0,0,0,186,42,9,1,0,0,16.2032421875,204593,42.133873248074366,1002.7146118201127,88.08587379818474
Wed Feb 18 15:52:32 2026,0,0,0,0,0,0,186,42,9,1,0,0,16.1708203125,204955,42.38767042379742,1002.7125189461506,88.1034465103268
Wed Feb 18 15:52:33 2026,0,1,1,0,1,1,246,55,11,0,0,0,16.141328125,203874,42.654142878311866,1002.7083916518417,88.13810121876982
Wed Feb 18 15:52:34 2026,0,1,1,0,1,1,246,55,11,0,0,0,16.1130078125,205076,42.885136451842016,1002.7096473914843,88.12755742460922
Wed Feb 18 15:52:35 2026,0,1,1,0,1,1,246,55,11,0,0,0,16.087421875,204834,43.11673171931568,1002.7068248227158,88.15125708489217
Wed Feb 18 15:52:36 2026,0,1,1,0,1,1,246,53,11,0,0,0,16.0606640625,204473,43.354539109399,1002.7072213754528,88.14792743196632
Wed Feb 18 15:52:37 2026,0,1,1,0,1,1,246,53,11,0,0,0,16.03390625,203874,43.598707339739676,1002.7127793827947,88.10125976537874
Wed Feb 18 15:52:38 2026,0,1,1,0,1,1,246,53,11,0,0,0,16.01046875,203874,43.80132044029146,1002.7203966077968,88.03730227056595
Wed Feb 18 15:52:39 2026,0,1,1,0,1,1,240,53,10,0,0,0,15.989765625,203754,44.01655274236711,1002.7187737722078,88.05092826264735
Wed Feb 18 15:52:40 2026,0,1,1,0,1,1,240,53,10,0,0,0,15.969453125,203397,44.23209862893624,1002.719518296607,88.04467692872514
Wed Feb 18 15:52:41 2026,0,1,1,0,1,1,240,53,10,0,0,0,15.9481640625,202922,44.45387092034146,1002.7186415098498,88.05203879234422
Wed Feb 18 15:52:42 2026,0,1,1,0,1,1,240,56,10,0,0,0,15.9301953125,205197,44.68842505169926,1002.7198265227757,88.04208893578763
Wed Feb 18 15:52:43 2026,0,1,1,0,1,1,240,56,10,0,0,0,15.9114453125,203635,44.947525320745,1002.7265993084206,87.98522202095688
Wed Feb 18 15:52:44 2026,0,1,1,0,1,1,240,56,10,0,0,0,15.894453125,203874,45.15243762276447,1002.7311218740081,87.94724899291433
Wed Feb 18 15:52:45 2026,0,0,0,0,0,0,216,50,7,0,0,0,15.874140625,202568,45.405976029171896,1002.7318574016223,87.94107326127087
Wed Feb 18 15:52:46 2026,0,0,0,0,0,0,216,50,7,0,0,0,15.8551953125,202804,45.6051190087745,1002.7331375029707,87.9303251182746
Wed Feb 18 15:52:47 2026,0,0,0,0,0,0,216,50,7,0,0,0,15.835078125,202450,45.82268705357468,1002.7307513279037,87.95036022121447
Wed Feb 18 15:52:48 2026,0,0,0,0,0,0,207,49,7,0,0,0,15.8141796875,202332,46.02209203926498,1002.7322306390632,87.93793943841986
Wed Feb 18 15:52:49 2026,0,0,0,0,0,0,207,49,7,0,0,0,15.7985546875,202686,46.210062851005816,1002.7304081830049,87.95324138070333
Wed Feb 18 15:52:50 2026,0,0,0,0,0,0,207,49,7,0,0,0,15.7846875,203993,46.373916110421995,1002.7332211970269,87.92962239642536
Wed Feb 18 15:52:51 2026,0,0,0,0,0,0,177,41,3,0,0,0,15.7700390625,203993,46.556240439801115,1002.7347374106201,87.91689179424617
Wed Feb 18 15:52:52 2026,0,0,0,0,0,0,177,41,3,0,0,0,15.753828125,201862,46.72015694708079,1002.728498503401,87.96927570481346
Wed Feb 18 15:52:53 2026,0,0,0,0,0,0,177,41,3,0,0,0,15.7407421875,203159,46.896870044960195,1002.7222799365686,88.02148909344537
Wed Feb 18 15:52:54 2026,0,0,0,0,0,0,162,41,3,0,0,0,15.7278515625,202686,47.03686678453525,1002.7232677531647,88.01319500219404
Wed Feb 18 15:52:55 2026,0,0,0,0,0,0,162,41,3,0,0,0,15.7153515625,202922,47.14007981583968,1002.7249027515002,87.99946693659783
Wed Feb 18 15:52:56 2026,0,0,0,0,0,0,162,41,3,0,0,0,15.7024609375,203041,47.26178785447159,1002.7224477187108,88.02008032904219
Wed Feb 18 15:52:57 2026,0,0,0,0,0,0,132,34,4,1,0,0,15.6909375,204714,47.32210043679304,1002.729142456939,87.96386884756375
Wed Feb 18 15:52:58 2026,0,0,0,0,0,0,132,34,4,1,0,0,15.6801953125,203516,47.41334532749312,1002.7250881270851,87.9979104540872
Wed Feb 18 15:52:59 2026,0,0,0,0,0,0,132,34,4,1,0,0,15.670625,203397,47.49860076500494,1002.7264185210836,87.98673997697752
Wed Feb 18 15:53:00 2026,0,0,0,0,0,0,132,33,5,2,0,0,15.6614453125,204233,47.5839411231079,1002.7232348096054,88.01347160898983
Wed Feb 18 15:53:01 2026,0,0,0,0,0,0,132,33,5,2,0,0,15.6524609375,203993,47.67551899213689,1002.7220953428559,88.02303901458194
Wed Feb 18 15:53:02 2026,0,0,0,0,0,0,132,33,5,2,0,0,15.643671875,204113,47.76098835522253,1002.7264410657984,87.9865506833635
Wed Feb 18 15:53:03 2026,0,0,0,0,0,0,54,14,2,2,0,0,15.6337109375,204473,47.85872725826909,1002.7322832546951,87.93749766055124
Wed Feb 18 15:53:04 2026,0,0,0,0,0,0,54,14,2,2,0,0,15.6258984375,203874,47.96294898644645,1002.7279253024833,87.97408850089207
Wed Feb 18 15:53:05 2026,0,0,0,0,0,0,54,14,2,2,0,0,15.6176953125,203159,48.079565017667804,1002.7332417810842,87.92944956615239
Wed Feb 18 15:53:06 2026,0,0,0,0,0,0,60,17,3,3,0,0,15.61125,203041,48.202652050004886,1002.7380331481862,87.88921980758683
Wed Feb 18 15:53:07 2026,0,0,0,0,0,0,60,17,3,3,0,0,15.6016796875,203041,48.33166516945256,1002.7359195273311,87.90696638449656
Wed Feb 18 15:53:08 2026,0,0,0,0,0,0,60,17,3,3,0,0,15.5930859375,202922,48.46708663756515,1002.7285441975134,87.968892041108
Wed Feb 18 15:53:09 2026,0,0,0,0,0,0,96,29,4,3,0,0,15.582734375,203278,48.58378805849256,1002.7354559776618,87.91085848671196
Wed Feb 18 15:53:10 2026,0,0,0,0,0,0,96,29,4,3,0,0,15.5716015625,203635,48.68805416400937,1002.7307490651765,87.95037921982403
Wed Feb 18 15:53:11 2026,0,0,0,0,0,0,96,29,4,3,0,0,15.5610546875,203278,48.80487674542369,1002.7321747168457,87.93840897946913
Wed Feb 18 15:53:12 2026,0,0,0,0,0,0,96,28,5,3,0,0,15.553046875,203278,48.89719555668953,1002.7274907323044,87.97773730611719
Wed Feb 18 15:53:13 2026,0,0,0,0,0,0,96,28,5,3,0,0,15.546796875,203635,49.00220772772192,1002.7308836388559,87.94924929435773
Wed Feb 18 15:53:14 2026,0,0,0,0,0,0,96,28,5,3,0,0,15.54171875,204353,49.082518367355526,1002.7276193862423,87.97665708193199
Wed Feb 18 15:53:15 2026,0,0,0,0,0,0,105,31,5,3,0,0,15.5352734375,203874,49.162706633231245,1002.7341283118571,87.9220059755413
Wed Feb 18 15:53:16 2026,0,0,0,0,0,0,105,31,5,3,0,0,15.529609375,203635,49.21810306776331,1002.7316119070588,87.94313451391992
Wed Feb 18 15:53:18 2026,0,0,0,0,0,0,105,31,5,3,0,0,15.524921875,203993,49.27362983735309,1002.7358761934587,87.90733022864184
Wed Feb 18 15:53:19 2026,0,1,2,0,1,2,123,37,9,6,1,1,15.5204296875,204233,49.31049831952461,1002.7387441948281,87.88324965949013
Wed Feb 18 15:53:20 2026,0,1,2,0,1,2,123,37,9,6,1,1,15.512421875,203993,49.37190173269194,1002.7340589953088,87.92258797884509
Wed Feb 18 15:53:21 2026,0,1,2,0,1,2,123,37,9,6,1,1,15.5028515625,204353,49.44561748865915,1002.7371019960777,87.89703802842979
Wed Feb 18 15:53:22 2026,0,1,2,0,1,2,117,34,9,6,1,1,15.4962109375,204955,49.488508769168774,1002.7226439392828,88.01843278471526
Wed Feb 18 15:53:23 2026,0,1,2,0,1,2,117,34,9,6,1,1,15.4883984375,204955,49.556235213425424,1002.7234425911752,88.0117269951399
Wed Feb 18 15:53:24 2026,0,1,2,0,1,2,117,34,9,6,1,1,15.47921875,205804,49.5926137051798,1002.7219725481834,88.02407004689326
Wed Feb 18 15:53:25 2026,0,1,2,0,1,2,123,34,9,6,1,1,15.466328125,205804,49.597352142903574,1002.7298253078604,87.95813539745753
Wed Feb 18 15:53:26 2026,0,1,2,0,1,2,123,34,9,6,1,1,15.4559765625,206783,49.5899027265742,1002.7332899449601,87.92904516699815
Wed Feb 18 15:53:27 2026,0,1,2,0,1,2,123,34,9,6,1,1,15.4419140625,205197,49.60698899911084,1002.7323165547699,87.93721806236117
Wed Feb 18 15:53:28 2026,0,1,2,0,1,2,153,42,8,5,1,1,15.429609375,205318,49.62428166310006,1002.7239394510116,88.00755517034541
Wed Feb 18 15:53:29 2026,0,1,2,0,1,2,153,42,8,5,1,1,15.4159375,206292,49.6539035102823,1002.7184531492178,88.0536203466631
Wed Feb 18 15:53:30 2026,0,1,2,0,1,2,153,42,8,5,1,1,15.3977734375,206906,49.67051619847827,1002.7089520651581,88.13339571763494
Wed Feb 18 15:53:31 2026,0,1,1,0,1,1,144,40,7,4,1,1,15.38,206170,49.66844232152408,1002.7069774455803,88.14997558770577
Wed Feb 18 15:53:32 2026,0,1,1,0,1,1,144,40,7,4,1,1,15.3657421875,206537,49.6730230791829,1002.7194340665076,88.04538415919049
Wed Feb 18 15:53:33 2026,0,1,1,0,1,1,144,40,7,4,1,1,15.3505078125,207153,49.67749011566444,1002.7216701036265,88.02660949064644
Wed Feb 18 15:53:34 2026,0,1,1,0,1,1,156,41,7,4,1,1,15.3346875,207029,49.675644841859366,1002.7263720495228,87.98713016908216
Wed Feb 18 15:53:35 2026,0,1,1,0,1,1,156,41,7,4,1,1,15.319453125,207771,49.67386825406075,1002.7337646620673,87.9250592926655
Wed Feb 18 15:53:36 2026,0,1,1,0,1,1,156,41,7,4,1,1,15.3016796875,208519,49.64682296835615,1002.7300638988364,87.95613210669184
Wed Feb 18 15:53:37 2026,0,1,1,0,1,1,162,43,6,3,1,1,15.28625,208394,49.62005626502418,1002.7440079201858,87.8390540438092
Wed Feb 18 15:53:38 2026,0,1,1,0,1,1,162,43,6,3,1,1,15.273359375,208269,49.593590406371774,1002.7501274692746,87.78767294424368
Wed Feb 18 15:53:39 2026,0,1,1,0,1,1,162,43,6,3,1,1,15.25734375,208144,49.57300570161169,1002.7510597077312,87.77984568444445
Wed Feb 18 15:53:40 2026,0,0,1,0,0,1,141,36,5,3,1,1,15.2399609375,208394,49.56474390946977,1002.7514411424669,87.77664308410854
Wed Feb 18 15:53:41 2026,0,0,1,0,0,1,141,36,5,3,1,1,15.22375,209146,49.562858582597485,1002.7537661828377,87.75712161365107
Wed Feb 18 15:53:42 2026,0,0,1,0,0,1,141,36,5,3,1,1,15.210078125,209650,49.5363141731379,1002.7585847527845,87.71666412277824
Wed Feb 18 15:53:43 2026,0,0,1,0,0,1,138,36,4,3,1,1,15.1973828125,209398,49.50988825857271,1002.754707256187,87.74922019757419
Wed Feb 18 15:53:44 2026,0,0,1,0,0,1,138,36,4,3,1,1,15.183125,209903,49.470814043206644,1002.7551129476826,87.74581394282822
Wed Feb 18 15:53:45 2026,0,0,1,0,0,1,138,36,4,3,1,1,15.1633984375,210284,49.43735003387624,1002.7515984177438,87.77532257053916
Wed Feb 18 15:53:46 2026,0,1,1,0,1,1,153,41,7,3,1,1,15.1471875,210157,49.391836156822635,1002.7539177359021,87.75584914726582
Wed Feb 18 15:53:47 2026,0,1,1,0,1,1,153,41,7,3,1,1,15.133515625,210922,49.346630096870165,1002.753573701956,87.75873771746231
Wed Feb 18 15:53:48 2026,0,1,1,0,1,1,153,41,7,3,1,1,15.11984375,210666,49.3325861309425,1002.7583861926548,87.71833126255943
Wed Feb 18 15:53:49 2026,0,0,0,0,0,0,159,36,4,1,0,0,15.106171875,211306,49.293626868291916,1002.75460229241,87.75010149146837
Wed Feb 18 15:53:50 2026,0,0,0,0,0,0,159,36,4,1,0,0,15.0907421875,211821,49.2482473733789,1002.758214090254,87.71977625961411
Wed Feb 18 15:53:51 2026,0,0,0,0,0,0,159,36,4,1,0,0,15.0716015625,212338,49.21490418678031,1002.7539456360828,87.75561489242101
Wed Feb 18 15:53:52 2026,0,0,0,0,0,0,174,40,4,1,0,0,15.045234375,212598,49.143393271001585,1002.7514310699407,87.77672765498902
Wed Feb 18 15:53:53 2026,0,0,0,0,0,0,174,40,4,1,0,0,15.017890625,213643,49.0344867528505,1002.7507301895649,87.78261238393965
Wed Feb 18 15:53:54 2026,0,0,0,0,0,0,174,40,4,1,0,0,14.9958203125,213905,48.90761805748963,1002.7570618028367,87.7294510392945
Wed Feb 18 15:53:55 2026,0,0,0,0,0,0,204,45,4,1,0,0,14.9786328125,214037,48.806248565532464,1002.7594659728846,87.70926527363783
Wed Feb 18 15:53:56 2026,0,0,0,0,0,0,204,45,4,1,0,0,14.9548046875,214301,48.71659659601645,1002.7577187834081,87.72393492980777
Wed Feb 18 15:53:57 2026,0,0,0,0,0,0,204,45,4,1,0,0,14.9309765625,214565,48.614589572790024,1002.7576878409216,87.72419472759755
Wed Feb 18 15:53:58 2026,0,0,0,0,0,0,195,42,5,1,0,0,14.90578125,214301,48.52489230762101,1002.7502288919502,87.78682137896874
Wed Feb 18 15:53:59 2026,0,0,0,0,0,0,195,42,5,1,0,0,14.88546875,215362,48.46059119222663,1002.744000730147,87.83911441312695
Wed Feb 18 15:54:00 2026,0,0,0,0,0,0,195,42,5,1,0,0,14.867109375,215096,48.390344770872986,1002.742732395277,87.84976366752073
Wed Feb 18 15:54:01 2026,0,1,1,0,1,1,240,50,6,1,0,0,14.8489453125,215630,48.35111577592566,1002.7383501685543,87.88655801476577
Wed Feb 18 15:54:02 2026,0,1,1,0,1,1,240,50,6,1,0,0,14.8290234375,214830,48.34885206133657,1002.7362031230426,87.9045852304631
Wed Feb 18 15:54:03 2026,0,1,1,0,1,1,240,50,6,1,0,0,14.8020703125,215096,48.37675653201313,1002.7395623422301,87.87638026745533
Wed Feb 18 15:54:04 2026,0,1,1,0,1,1,270,58,6,1,0,0,14.7743359375,215897,48.42935601603905,1002.7467754078223,87.81581756867413
Wed Feb 18 15:54:05 2026,0,1,1,0,1,1,270,58,6,1,0,0,14.745234375,214698,48.45083042240283,1002.7517141930059,87.77435049920966
Wed Feb 18 15:54:06 2026,0,1,1,0,1,1,270,58,6,1,0,0,14.717890625,215496,48.47870362628291,1002.7509776803558,87.78053440238884
Wed Feb 18 15:54:07 2026,1,1,1,1,1,1,384,81,7,1,0,0,14.6880078125,216569,48.48769969158221,1002.7460214587653,87.82214789659875
Wed Feb 18 15:54:08 2026,1,1,1,1,1,1,384,81,7,1,0,0,14.657734375,216031,48.4780619130756,1002.7421309533408,87.85481352711349
Wed Feb 18 15:54:09 2026,1,1,1,1,1,1,384,81,7,1,0,0,14.631171875,215096,48.462652065736364,1002.7358106951199,87.9078801722903
Wed Feb 18 15:54:10 2026,1,1,1,1,1,1,378,79,7,1,0,0,14.6098828125,214963,48.45403906698237,1002.7365281143287,87.90185650753101
Wed Feb 18 15:54:11 2026,1,1,1,1,1,1,378,79,7,1,0,0,14.5973828125,216031,48.49599099407242,1002.7277925028064,87.97520353390446
Wed Feb 18 15:54:12 2026,1,1,1,1,1,1,378,79,7,1,0,0,14.586640625,214433,48.51336135699523,1002.7271289726955,87.98077476897033
Wed Feb 18 15:54:13 2026,1,1,1,1,1,1,402,85,8,1,0,0,14.5755078125,215630,48.57407837384891,1002.7275338590921,87.97737519826975
Wed Feb 18 15:54:14 2026,1,1,1,1,1,1,402,85,8,1,0,0,14.569453125,214565,48.66020088881061,1002.7329368863528,87.93200955924335
Wed Feb 18 15:54:15 2026,1,1,1,1,1,1,402,85,8,1,0,0,14.5626171875,214169,48.783512465182035,1002.7301716089354,87.95522773628745
Wed Feb 18 15:54:16 2026,1,1,1,1,1,1,405,86,6,1,0,0,14.5555859375,214963,48.91931046086849,1002.7270817993542,87.98117085325653
Wed Feb 18 15:54:17 2026,1,1,1,1,1,1,405,86,6,1,0,0,14.55109375,214565,49.07415387823015,1002.728208885549,87.97170743766739
Wed Feb 18 15:54:18 2026,1,1,1,1,1,1,405,86,6,1,0,0,14.5485546875,212728,49.21069153898591,1002.7308621850467,87.94942942768283
Wed Feb 18 15:54:19 2026,1,1,1,1,1,1,408,94,8,1,0,0,14.5446484375,213511,49.35963246630401,1002.72952711862,87.96063909601601
Wed Feb 18 15:54:20 2026,1,1,1,1,1,1,408,94,8,1,0,0,14.5430859375,213119,49.52143550710014,1002.7269319920848,87.98242868889005
Wed Feb 18 15:54:21 2026,1,1,1,1,1,1,408,94,8,1,0,0,14.540546875,212468,49.68327525451006,1002.7244324804424,88.00341550874728
Wed Feb 18 15:54:22 2026,1,2,2,1,2,2,417,98,9,1,0,0,14.541328125,212598,49.87687465927947,1002.7308827443854,87.9492568046297
Wed Feb 18 15:54:23 2026,1,2,2,1,2,2,417,98,9,1,0,0,14.5434765625,212209,50.07710040124923,1002.7292983460849,87.96255994865022
Wed Feb 18 15:54:24 2026,1,2,2,1,2,2,417,98,9,1,0,0,14.547578125,212338,50.29656468783258,1002.7326754027745,87.93420505899309
Wed Feb 18 15:54:25 2026,1,2,2,1,2,2,405,95,10,1,0,0,14.5505078125,212209,50.497363227835656,1002.7306709035578,87.95103549088506
Wed Feb 18 15:54:26 2026,1,2,2,1,2,2,405,95,10,1,0,0,14.5551953125,210539,50.704873509770486,1002.731585838218,87.94335339645794
Wed Feb 18 15:54:27 2026,1,2,2,1,2,2,405,95,10,1,0,0,14.557734375,211178,50.893529756533965,1002.7340852724852,87.92236734749353
Wed Feb 18 15:54:28 2026,1,1,1,1,1,1,408,90,9,1,0,0,14.5583203125,211563,51.0444296164805,1002.729905598909,87.95746124653483
Wed Feb 18 15:54:29 2026,1,1,1,1,1,1,408,90,9,1,0,0,14.561640625,212728,51.158029658580475,1002.7302673062707,87.95442422917677
Wed Feb 18 15:54:30 2026,1,1,1,1,1,1,408,90,9,1,0,0,14.5676953125,211950,51.26573189874411,1002.7317350754332,87.94210035191192
Wed Feb 18 15:54:31 2026,1,1,1,1,1,1,372,82,9,1,0,0,14.5719921875,212858,51.3669933029607,1002.7302832763698,87.9542901388444
Wed Feb 18 15:54:32 2026,1,1,1,1,1,1,372,82,9,1,0,0,14.57453125,212338,51.44919818200996,1002.7276296174773,87.97657117684993
Wed Feb 18 15:54:33 2026,1,1,1,1,1,1,372,82,9,1,0,0,14.5784375,211050,51.53160408170047,1002.732399554484,87.93652116996253
Wed Feb 18 15:54:34 2026,1,1,1,1,1,1,357,79,9,1,0,0,14.58,211950,51.594847877017685,1002.7401476062307,87.87146623170223
Wed Feb 18 15:54:36 2026,1,1,1,1,1,1,357,79,9,1,0,0,14.580390625,212338,51.63904821033704,1002.7476670571929,87.80833108253896
Wed Feb 18 15:54:37 2026,1,1,1,1,1,1,357,79,9,1,0,0,14.5790234375,213119,51.65150265484561,1002.741961033429,87.85624021839456
Wed Feb 18 15:54:38 2026,0,1,1,0,1,1,258,56,8,1,0,0,14.5809765625,213774,51.61388591262467,1002.743487189025,87.84342623054434
Wed Feb 18 15:54:39 2026,0,1,1,0,1,1,258,56,8,1,0,0,14.576875,214963,51.57555615936502,1002.7298045160195,87.95830997282819
Wed Feb 18 15:54:40 2026,0,1,1,0,1,1,258,56,8,1,0,0,14.571015625,215763,51.5055046513673,1002.7320966611296,87.93906436058339
Wed Feb 18 15:54:41 2026,0,1,1,0,1,1,270,60,8,1,0,0,14.5606640625,215229,51.409745292466496,1002.7303629991386,87.95362075963772
Wed Feb 18 15:54:42 2026,0,1,1,0,1,1,270,60,8,1,0,0,14.54796875,216031,51.28857656969099,1002.728171430657,87.9720219220919
Wed Feb 18 15:54:43 2026,0,1,1,0,1,1,270,60,8,1,0,0,14.53625,216166,51.1298643236094,1002.7258836555037,87.99123090357547
Wed Feb 18 15:54:44 2026,0,1,1,0,1,1,261,57,7,1,0,0,14.5262890625,215897,50.97778981717969,1002.7333850364822,87.92824674850651
Wed Feb 18 15:54:45 2026,0,1,1,0,1,1,261,57,7,1,0,0,14.5190625,216166,50.81989154221066,1002.7316873542244,87.9425010347962
Wed Feb 18 15:54:46 2026,0,1,1,0,1,1,261,57,7,1,0,0,14.505,217654,50.698978410891804,1002.7323751676636,87.9367259295762
Wed Feb 18 15:54:47 2026,0,1,1,0,1,1,246,52,6,1,0,0,14.489765625,216569,50.596826396514516,1002.729398189982,87.96172162501492
Wed Feb 18 15:54:48 2026,0,1,1,0,1,1,246,52,6,1,0,0,14.4751171875,216704,50.482271707407946,1002.7273935808843,87.97855302404432
Wed Feb 18 15:54:49 2026,0,1,1,0,1,1,246,52,6,1,0,0,14.459296875,218749,50.41150206723914,1002.7165722166008,88.0694134535015
Wed Feb 18 15:54:50 2026,0,0,0,0,0,0,267,54,4,0,0,0,14.4425,217110,50.32812706432515,1002.7144320105967,88.08738355867675
Wed Feb 18 15:54:51 2026,0,0,0,0,0,0,267,54,4,0,0,0,14.4274609375,217518,50.251257858621486,1002.7117760036334,88.10968459736785
Wed Feb 18 15:54:52 2026,0,0,0,0,0,0,267,54,4,0,0,0,14.40890625,219025,50.16776074427739,1002.7084310136224,88.13777071816283
Wed Feb 18 15:54:53 2026,0,0,0,0,0,0,267,54,3,0,0,0,14.38625,218749,50.08383063636586,1002.7171602034789,88.06447646408176
Wed Feb 18 15:54:54 2026,0,0,0,0,0,0,267,54,3,0,0,0,14.3645703125,218063,49.981313190826036,1002.7103378485084,88.12176001981557
Wed Feb 18 15:54:55 2026,0,0,0,0,0,0,267,54,3,0,0,0,14.350703125,218200,49.948467986356256,1002.7061897277686,88.15658965842874
Wed Feb 18 15:54:56 2026,0,0,0,0,0,0,249,52,2,0,0,0,14.3344921875,218200,49.902867964027564,1002.7067325518681,88.1520318367223
Wed Feb 18 15:54:57 2026,0,0,0,0,0,0,249,52,2,0,0,0,14.318671875,219578,49.87605824885755,1002.707923125304,88.14203519572622
Wed Feb 18 15:54:58 2026,0,0,0,0,0,0,249,52,2,0,0,0,14.3020703125,219578,49.817951157638845,1002.7043808094916,88.17177825233502
Wed Feb 18 15:54:59 2026,0,0,0,0,0,0,246,55,2,0,0,0,14.2872265625,219301,49.76630864720586,1002.703757729942,88.17700994890563
Wed Feb 18 15:55:00 2026,0,0,0,0,0,0,246,55,2,0,0,0,14.2704296875,220134,49.70822012465902,1002.7067563055466,88.15183238904612
Wed Feb 18 15:55:01 2026,0,0,0,0,0,0,246,55,2,0,0,0,14.2524609375,220413,49.64378290329533,1002.7095233633078,88.12859882436932
Wed Feb 18 15:55:02 2026,1,1,1,1,1,1,318,70,4,0,0,0,14.233125,221536,49.554285207742055,1002.7048671571606,88.16769462883333
Wed Feb 18 15:55:03 2026,1,1,1,1,1,1,318,70,4,0,0,0,14.2184765625,220552,49.50275253837455,1002.7045641500677,88.17023883100431
Wed Feb 18 15:55:04 2026,1,1,1,1,1,1,318,70,4,0,0,0,14.206171875,221113,49.457734404061085,1002.7030042375503,88.18333666233443
Wed Feb 18 15:55:05 2026,0,1,1,0,1,1,315,68,4,0,0,0,14.19640625,220832,49.45038492113886,1002.7039456509824,88.17543206685744
Wed Feb 18 15:55:06 2026,0,1,1,0,1,1,315,68,4,0,0,0,14.1883984375,219578,49.47437925417343,1002.6923575774988,88.27273196065087
Wed Feb 18 15:55:07 2026,0,1,1,0,1,1,315,68,4,0,0,0,14.1801953125,220273,49.510813851499805,1002.699327640554,88.2142073352697
Wed Feb 18 15:55:08 2026,0,1,1,0,1,1,309,70,4,0,0,0,14.1696484375,220134,49.55944915895873,1002.6989699073255,88.21721105950162
Wed Feb 18 15:55:09 2026,0,1,1,0,1,1,309,70,4,0,0,0,14.1598828125,219578,49.61442044547518,1002.6947601201006,88.2525588052689
Wed Feb 18 15:55:10 2026,0,1,1,0,1,1,309,70,4,0,0,0,14.1528515625,219439,49.65725207340711,1002.6933767628708,88.26417427832631
Wed Feb 18 15:55:11 2026,0,1,1,0,1,1,324,66,4,0,0,0,14.1423046875,220692,49.71216228417116,1002.69473438165,88.25277492017403
Wed Feb 18 15:55:12 2026,0,1,1,0,1,1,324,66,4,0,0,0,14.1341015625,220413,49.74864297721305,1002.6931198598713,88.26633138697485
Wed Feb 18 15:55:13 2026,0,1,1,0,1,1,324,66,4,0,0,0,14.1258984375,220413,49.76641313591262,1002.6880721687481,88.3087148605951
Wed Feb 18 15:55:14 2026,0,0,0,0,0,0,312,63,4,0,0,0,14.1200390625,219994,49.77821574037172,1002.6903515187282,88.28957603546174
Wed Feb 18 15:55:15 2026,0,0,0,0,0,0,312,63,4,0,0,0,14.1087109375,220413,49.820589052319704,1002.6904094741815,88.28908940627191
Wed Feb 18 15:55:16 2026,0,0,0,0,0,0,312,63,4,0,0,0,14.0969921875,220973,49.825478045132755,1002.6915341747729,88.2796457413944
Wed Feb 18 15:55:17 2026,0,1,1,0,1,1,318,63,7,0,0,0,14.0864453125,219716,49.805540668094515,1002.6928891269905,88.26826875630047
Wed Feb 18 15:55:18 2026,0,1,1,0,1,1,318,63,7,0,0,0,14.077265625,222244,49.792003044003636,1002.6965153625306,88.23782078613738
Wed Feb 18 15:55:19 2026,0,1,1,0,1,1,318,63,7,0,0,0,14.070625,221677,49.753805534697804,1002.6974950259657,88.22959498082427
Wed Feb 18 15:55:20 2026,0,1,1,0,1,1,324,60,9,0,0,0,14.061640625,221677,49.72782082774,1002.6928635875784,88.26848320029147
Wed Feb 18 15:55:21 2026,0,1,1,0,1,1,324,60,9,0,0,0,14.055,221677,49.68340309390529,1002.6818289274297,88.3611371371584
Wed Feb 18 15:55:22 2026,0,1,1,0,1,1,324,60,9,0,0,0,14.0505078125,223242,49.63924433915432,1002.6863781226159,88.32293913725098
Wed Feb 18 15:55:23 2026,0,0,0,0,0,0,306,55,10,0,0,0,14.04875,221818,49.626575174529634,1002.6851734147245,88.33305463414686
Wed Feb 18 15:55:24 2026,0,0,0,0,0,0,306,55,10,0,0,0,14.046015625,222244,49.61379477036925,1002.6857784313657,88.32797452677794
Wed Feb 18 15:55:25 2026,0,0,0,0,0,0,306,55,10,0,0,0,14.0391796875,221677,49.65040997484016,1002.6830002405491,88.3513020174021
Wed Feb 18 15:55:26 2026,0,1,1,0,1,1,321,60,11,0,0,0,14.03,222244,49.661823192833126,1002.6797596419611,88.37851224948538
Wed Feb 18 15:55:27 2026,0,1,1,0,1,1,321,60,11,0,0,0,14.02296875,220273,49.65478058087142,1002.6766565474986,88.40456797175091
Wed Feb 18 15:55:28 2026,0,1,1,0,1,1,321,60,11,0,0,0,14.0165234375,220273,49.66650834577647,1002.6779593147462,88.39362903106934
Wed Feb 18 15:55:29 2026,0,1,1,0,1,1,315,59,12,1,0,0,14.0133984375,220973,49.709796024120365,1002.6693340355241,88.46605309369463
Wed Feb 18 15:55:30 2026,0,1,1,0,1,1,315,59,12,1,0,0,14.0130078125,222386,49.74093412655747,1002.6721172300502,88.44268333082016
Wed Feb 18 15:55:31 2026,0,1,1,0,1,1,315,59,12,1,0,0,14.0149609375,221960,49.84098240594996,1002.6753628313268,88.41543092468764
Wed Feb 18 15:55:32 2026,0,0,0,0,0,0,240,46,9,1,0,0,14.0165234375,220134,49.98475911084016,1002.6779593147462,88.39362903106934
Wed Feb 18 15:55:33 2026,0,0,0,0,0,0,240,46,9,1,0,0,14.0175,219994,50.12858663579005,1002.6744336123977,88.42323330883464
Wed Feb 18 15:55:34 2026,0,0,0,0,0,0,240,46,9,1,0,0,14.0200390625,219439,50.29148336560105,1002.6700720079839,88.45985652515797
