time,pm10 std,pm25 std,pm100 std,pm10 env,pm24 env,pm100 env,par03,par05,par10,par25,par50,par100,temperature,gas,humidity,pressure,altitude
2026-02-18 15:33:22,-0.017841095424348953,1.0114163916245882,0.9999424008141645,-0.008450951782160357,0.9999915577327431,0.969422005327577,171.12878626694362,49.876257630877525,10.238750224358466,0.8909898623707808,0.0022500098706451214,-0.0051854473745595354,23.52058559614151,175778.56715351928,32.62860671820459,1003.1559192183571,84.34944562658355
2026-02-18 15:33:23,0.01640862610620502,0.9670624266219818,1.019450762409811,-0.0036018582262883412,0.9679203378986057,1.0204195394557671,168.86651234873216,48.702496667317206,9.979822344256604,1.0079336026359245,0.03120750172069504,0.013802362835777906,23.46887961084157,177788.29515064342,32.91835000160543,1003.1380806591833,84.5534988988252
2026-02-18 15:33:24,0.004687219688045007,0.9640198023368076,0.9658096106102593,0.030629466249093962,1.0082019809733889,0.9758095112211487,165.34481784118756,50.052187076459234,11.11909896579799,1.0601820414733363,0.004356331827343481,0.014234201792433813,23.489242448045662,177868.66781263062,33.001038310876744,1003.1150586716435,84.81149536571874
2026-02-18 15:33:25,-0.024699039913078483,1.038357008449978,0.955531495331223,0.015437086375095666,1.0395198870723201,0.974961982155906,173.4837952899801,51.20967573984891,10.906785228105884,0.9566307716878537,0.01313146283722464,-0.019788439531163694,23.495006792804332,177134.7254563142,32.715522079899415,1003.0870962437363,84.94505419930256
2026-02-18 15:33:26,-0.009435047957272007,0.9835828231685361,0.9856192513093597,0.006322050545328665,1.0044705251345667,0.9800239118593519,172.82984315773328,48.93996790168596,10.910811766170747,1.001764247022215,0.010602381343196852,0.01735041973434242,23.424567051235446,178710.85697600993,32.99837391767746,1003.0486752508174,85.25617974758116
2026-02-18 15:33:27,0.02723144837028607,0.9642709483644458,1.0376734789074626,-0.02317044905000324,0.9953154222169828,1.0019450471442435,161.14343655664615,45.88542244260465,9.966702803398377,0.9058331223373334,0.00570879827482696,-0.004416719054266546,23.427409570456145,180565.15632507394,32.890890118881366,1003.0115365697502,85.57112378649991
2026-02-18 15:33:28,-0.039769317078527065,0.981988771058174,0.9900325691270165,0.026891172010678234,1.0094802988859966,0.9757404552448721,152.26973457882562,47.058781952773316,9.903866028275806,0.8887233897333058,-0.004094395740801814,-0.0003151920920894956,23.47089505375799,179346.2355637061,32.280717785130534,1002.9798359424257,85.84018561149091
2026-02-18 15:33:29,-0.0069199150143397755,1.034573107401095,1.0464069758960897,0.0174237788298196,1.0079740932936516,0.965347172292432,160.10565145421253,47.1122617623564,10.090186129576248,1.0507007540253623,0.012813181677975509,-0.002446429534156004,23.420527142005017,187555.89892313848,33.14128843321897,1002.943591351408,86.1907147481182
2026-02-18 15:33:30,0.020951381185605453,0.9616557501627888,0.9146114444961884,-0.0022917037061953656,0.9360436683087873,0.9800324792199513,166.0124952958439,49.7752372276702,9.794079364951873,0.9778991649140607,-0.02746348072391229,-0.033188421636621696,23.425585518822043,189329.34223140124,32.73853051943801,1002.9034799772971,86.48890771211529
2026-02-18 15:33:31,-0.014078320746678254,0.976730824696736,0.9515432290109751,-0.008868093160592066,1.0068200491012387,0.9946767393390374,175.02159330492677,48.214457155123824,10.131531336556922,0.9095228619378685,0.024440382200671015,0.006798490596322941,23.41367580077921,190149.4608173302,32.36020774284775,1002.8682428105474,86.79064586879423
2026-02-18 15:33:32,-0.010972755210097872,0.9821868070614314,0.996543643301556,-0.002904024939967924,1.0171572458387048,1.0143016487137062,158.51415529335253,47.35482255071123,9.882455993172007,0.9678974046483725,0.010702382448270304,-0.02518918160882144,23.55232720362228,190088.8950099662,32.18150258444761,1002.8444468006621,87.04446350844837
2026-02-18 15:33:33,-0.0013540762554504005,0.9663393969574777,1.0276677628848967,-0.019550095421611603,0.9932881779354279,1.0024450756019394,165.1056217156301,48.02078428432183,9.06109844949414,1.042838278044315,0.0017782202674901434,0.013283089826441066,23.516515138516574,191503.87037613738,33.4131906243374,1002.8144388045517,87.18688354835069
2026-02-18 15:33:34,0.024730033455804164,0.9681864843281155,0.9982735756762662,-0.007516068107286726,1.0269526846600359,0.9672159343529507,164.96417738050502,47.36673303384367,8.81608642081012,1.0392206601373601,1.298209790285716e-05,-0.020320111501478222,23.52085025610665,191971.21590556056,32.419485396109025,1002.796276915724,87.37005363624161
2026-02-18 15:33:35,-0.010260473106245706,0.9591479899551794,0.9975082179996754,0.012780818260020747,0.996926435990764,1.007472668452429,165.6060429938786,48.26397898567869,9.077119073467623,1.0737846462454914,0.0036970288650449686,0.016946646456384995,23.524422029122064,193489.1706677883,31.811107621668697,1002.7914804606712,87.45436673695292
2026-02-18 15:33:36,-0.007038789463794315,0.9878952177662409,0.9967410443448683,-0.02944863966115268,1.0212653634592954,1.0103980450738685,158.15444083853572,44.11519763511814,10.172270743487195,0.9660817435901894,0.013076601993869848,0.003890834481604871,23.20558485419758,194988.2399482932,32.01884907588574,1002.7759078278435,87.5234319189896
2026-02-18 15:33:37,-0.00686212409748172,0.9908132496225734,0.9463515401910305,-0.00488551099512939,1.0622170886839788,0.986537328512416,140.630579001399,45.953535856237636,10.004161116491112,0.9575855777031029,0.007564714762719069,0.009858058338512277,23.28591271779176,193049.2188661599,32.5306987027072,1002.768296032007,87.6332160175714
2026-02-18 15:33:38,0.03654627180951229,0.9819418880981382,1.0361315146308916,0.0021637868052884635,0.997867658975565,0.9760859362166615,151.99298854630968,45.742448825885326,10.245415301237463,1.0242265010226306,0.021812013803968244,-0.011023580382351036,23.2982853653892,194725.71809711854,32.211393648991184,1002.7597218164076,87.6531231926049
2026-02-18 15:33:39,0.03625005830661915,0.955585635134421,0.9796070001565059,0.002014755860072027,0.9477487976057919,0.9761085282659003,142.60629419667436,40.164039285416614,9.981063879192336,1.0707867551147643,0.027342477403256113,-0.028224540192470855,23.291174949214245,195920.4601394256,32.37390803045577,1002.7609801928344,87.71595654120071
2026-02-18 15:33:40,0.016831605618193825,1.0346009322733134,1.0340945520418934,-0.019043348515413613,0.9914021737514247,0.984279348197725,143.29752249501328,40.0474546244062,10.067599495919465,0.9753833192784745,0.017567811915643508,-0.015150892987342391,23.27120350514747,195868.6177724377,32.424520728457125,1002.7480968662787,87.81987497892413
2026-02-18 15:33:41,0.006696057122182174,0.9644664490936988,0.9984866663103672,-0.019077802655289303,0.9536849837052382,1.0686852105239126,135.20466455262547,39.818202662504426,9.858352394914267,1.0680316474807552,-0.02318375885673551,0.005394385253686847,23.372569037154282,197237.67409666607,32.425724792743786,1002.7505523374015,87.78730655531255
2026-02-18 15:33:42,0.012485730039086576,0.008162539597687776,0.03350668368541693,0.018267107587558964,0.017215784182574075,-0.02662854494827799,125.51838996551669,40.38510412278375,7.072189807520471,0.9783927786160129,-0.007865404875470433,0.007555613486800497,23.048318035740024,197140.06998580482,32.42674557951816,1002.7417636998543,87.84814520555558
2026-02-18 15:33:43,0.024884791538865286,-0.028562990725777147,0.011268727896552757,-0.019737414775068973,0.036214118921508685,0.008894980409302857,130.95808316817713,40.25670820094031,6.914680448991233,1.1431508104208872,0.015780082030660492,-0.013199444400449246,23.126848527544887,198455.58255317318,32.35895376274622,1002.7317719345591,87.91684378455058
2026-02-18 15:33:44,-0.01497464334335231,0.018827465873484012,-0.002520881875262522,0.016980737431096793,0.01957635435824095,-0.02118387796551668,129.93033346354017,39.176784160763674,6.891004698896345,0.8822648536323464,0.03398001702173678,0.02128749586488978,22.879237252375752,196872.15148867524,32.986760122944574,1002.7336855805715,87.95337189756911
2026-02-18 15:33:45,0.0197465139260347,0.02666975279194299,0.007742846767995157,-0.007504010991910047,0.009402392480398614,-0.014755093342835165,129.50392157446444,38.13768117263063,6.251565154483816,1.108395369245189,-0.008848677522206786,0.00010577833157740562,23.073814298116496,199867.18438797232,32.30724325653724,1002.733684067906,87.97494255543862
2026-02-18 15:33:46,-0.020164585970680677,-0.023115047567503797,-0.04443123585608762,0.01818672269919137,-0.016792849090301168,-0.020870334384388872,109.00976757913902,37.806538233743765,5.805221619165239,0.8978535621437352,0.009885461096680582,-0.025442338107395004,22.716125450918152,199751.35344545142,32.774145076458,1002.7320255083088,87.94621892467461
2026-02-18 15:33:47,-0.010020812781385736,-0.05150750709492165,0.0010450794780316461,-0.006460040264041836,0.04357118543104096,0.025476467397352695,123.1785843704504,39.32753836902676,5.986404909103482,1.0869033827104668,0.019803683298049442,0.004687185869337905,22.90863022045219,200921.59062581183,32.4158311568066,1002.7234710418496,87.99032446022093
2026-02-18 15:33:48,0.015385533596570945,0.01969550329545473,0.0536189061098772,-0.018691321262351613,0.021257491834771255,0.012542166885003082,103.58241646463463,33.368018772193764,6.116221863591564,1.0079811184376526,0.00212994794874808,-0.011726124401774259,22.935115521803027,200806.5255732316,32.636973670247514,1002.7295274516946,87.94219051553576
2026-02-18 15:33:49,-0.022982035961383276,0.05178719162989888,0.04112236377658224,0.014573192777387655,0.008550304555381357,-0.003045421625813653,111.56551975847,34.52529481827897,6.041403221959725,0.9706108567071212,-0.0187303006934021,0.013440600977855073,22.742977415361413,202705.02599840067,32.45780265661699,1002.7230316938646,87.96345072094383
2026-02-18 15:33:50,-0.0017867780105448065,0.012146136795714245,-0.029301462219768,0.00022928614686128955,0.006417714829742435,0.01641549415720857,100.53557601225059,33.63121241059341,5.715516232843602,0.9390553838984007,0.03132551951467044,0.004041375427545892,22.3809886191463,203526.44276606463,32.619853768252014,1002.7309934830839,87.93509705362364
2026-02-18 15:33:51,-0.013628467542896676,0.005244054560444214,0.016534407879313442,0.0243391839698454,0.003914964927365114,0.02384010258661625,78.62887156560205,27.83669890282691,2.099691142874358,-0.06221101533754323,-0.013178204811771708,0.002884858785018778,22.292065987750384,204357.23149101224,33.07063416635694,1002.7295591471973,87.93687921260957
2026-02-18 15:33:52,-0.0036489283791875026,0.02318554854506973,0.008650883907443351,0.015214169599301691,0.013199275073428768,-0.025106097384878717,83.36021979813549,27.25010908168843,1.78923309868792,0.049686190219525826,-0.011140262948252082,-0.00402521350612267,22.362486795797402,205422.06803761108,32.113353789377314,1002.7322230391992,87.94821360165042
2026-02-18 15:33:53,-0.04542132700978283,0.02172959284647898,0.026173987249172845,-0.0032000845679786027,-0.015721414101862067,0.017880311041255224,77.3645375980882,28.07180145486364,1.935998339505835,0.03438261987653003,0.004778983598438212,0.018258705872319387,22.116269814539468,205334.93393683594,32.27240638578356,1002.7456437349857,87.83596137948551
2026-02-18 15:33:54,-0.028524441974651506,-0.02155058425468995,0.003993394682021822,-0.006801096572682509,0.042414710450781705,-0.020948375561998706,66.59433619933574,17.718809371248263,0.967349593342911,-0.010600983819297739,0.0014348989775435144,-0.013767162410977545,21.66689352294024,207231.32115434695,32.77283270099958,1002.7520233069655,87.81523286233191
2026-02-18 15:33:55,-0.010894609180283791,-0.016905639015308865,-0.006039344292948179,0.000991169182484913,0.005142789437613208,0.026880215714941,61.12272304581036,19.802702280776046,0.5483483570038219,0.0007193144217145333,-0.013882498110209281,0.005885157070370148,22.042550042248735,205169.16854315443,32.231931875634714,1002.7456894069237,87.82270726752355
2026-02-18 15:33:56,0.015867250297922113,0.0176384819465805,0.0420524911383264,0.0037513513648767356,0.01733773156107504,0.02391168477045438,72.90883925300278,22.34010024868577,0.9893723582034009,-0.05787417845808055,0.027032420041533486,0.0012615911232250554,21.706931171019626,202853.12158068598,31.279712610302003,1002.7572680068624,87.74894182570048
2026-02-18 15:33:57,-0.002209639850620977,-0.002848374319848297,0.007852464737193955,-0.013846663329473149,-0.010715631766833298,0.01360738472806972,56.87243742593241,16.442858633274426,1.110450952073181,-0.00648659885370475,0.008827860664570789,-0.015677810078896556,21.317582339770773,202410.49190898813,32.12086580001691,1002.7414891808486,87.8269279609126
2026-02-18 15:33:58,0.0007090291779221331,0.03686744609118232,0.039811817049069644,0.014498572288874585,0.011281557656885257,-0.005211750276257707,57.16136625072591,19.916333767054493,0.9796683269517437,0.06432811666399191,0.014912696143513112,-0.0005524652467430555,21.39741917689963,203811.20598633794,32.21136217695529,1002.7628851230147,87.78751061514284
2026-02-18 15:33:59,0.01199080784474872,-0.018011828174491627,0.0312101926511002,-0.005849557910084087,-0.06087048582664506,-0.014891956320971336,64.4797472293428,19.476791694628282,1.0354586072755014,-0.060163010456410204,-2.8161750487732903e-05,-0.01426689927547417,21.533757828624154,203377.16023564403,32.447306652987784,1002.7540772605989,87.73313457399604
2026-02-18 15:34:00,-0.013755120306444131,0.021550021614514872,-0.008662803639058511,-0.006252924410696043,-0.029228728403367085,-0.006792948200501477,56.75454602041813,18.378457067854647,1.3609849672514707,0.039151915474694626,0.0005635712192495218,0.03284497350934486,21.026861662951422,205717.670577163,32.283553742047275,1002.7547313190909,87.80043320697332
2026-02-18 15:34:01,0.005378538311993126,0.010495729883243465,-0.003789683614476278,-0.008168145363082302,0.0003326608758075683,0.02497332167698597,68.23664241298806,16.865152270478852,1.1831454228575127,-0.02901900830473659,0.02154747022268334,0.016707720864699283,20.841622140733946,205908.0976611029,33.40412819216346,1002.7438152677893,87.84715660194372
2026-02-18 15:34:02,-0.012499431980020154,-0.0022187632039164322,0.06066909212654618,0.004532348402289718,-0.03471536773182342,-0.019588631119137757,62.79470975359564,18.281828991937456,1.016317536392302,-0.10299234431152036,-0.007496108608735897,-0.025056086260806267,20.589368102406844,206133.28597922908,33.47233404687589,1002.7540360647578,87.79306731396692
2026-02-18 15:34:03,-0.02763802882918528,0.033196802615380785,0.007293343530728897,-0.010618851455040833,0.06752652377310978,0.002936252200350538,64.63368622479128,20.31054595023771,1.412458847772062,0.07693027141902244,-0.004893576568976403,-0.006381498127841476,20.605993337805177,205749.89856293303,32.253293081834826,1002.7385567713812,87.88207326882224
2026-02-18 15:34:04,-0.0056513539072495815,0.019755132832970576,-0.021864052393310435,0.0029907156005471907,-0.04404480577741965,-0.05225072182538614,65.39739236955128,19.253012541968516,0.9076741479636767,-0.09216650458340983,0.008093131072404778,0.010353576474614408,20.37510773421963,205810.00025466763,32.63447776552681,1002.7372337856543,87.82713967043068
2026-02-18 15:34:06,0.010220874630754337,-0.025997402843995064,-0.035391961645207366,0.04625698500537576,0.010706038059913525,0.00947882055650747,81.35258559961053,17.841932793853953,1.0889507629597615,-0.028942830445795466,0.015019072474261222,0.01926700200374754,20.312124991751336,206199.02571575157,33.48268258453001,1002.7431085803526,87.8381334708646
2026-02-18 15:34:07,0.006373751871392557,0.018733149166343995,0.03144314832202141,-7.158141235482111e-05,0.04632603483616304,-0.03030291228539229,59.848820258281776,16.998639806868237,-0.23927088002911479,0.07768964638422897,0.015082728659347422,0.014523720764943786,19.944889720527062,205867.63157843176,33.010563551697686,1002.7493835906635,87.76306931650319
2026-02-18 15:34:08,0.0006334041370714319,0.038727513365145544,0.006472658511352394,-0.006304545978550578,0.014445349147006514,-0.03895155136409281,58.063724430328854,15.04203647923391,0.07029148433155927,-0.051179517577836973,-0.014064026846338399,0.030828632167580614,19.99541228896443,205073.0849644375,33.35122559466715,1002.7469400769087,87.7598794965224
2026-02-18 15:34:09,0.04016200366753349,-0.0021451510010067737,-0.02275463354588881,-0.026560341333443177,-0.007029899337324507,0.017519404739923986,56.570569086722,15.910868820294384,-0.009386446276351545,0.06904477816613859,-0.016270885833582518,0.00291688770767828,19.54845002945894,204541.8949871483,33.4394058792128,1002.7459120242736,87.7749863137214
2026-02-18 15:34:10,0.007650355356617942,-0.005326565281142524,0.02234284250940845,0.0016899567807486728,-0.01357242146104328,0.008079021849064661,53.77156251582066,14.037310543162802,0.01776554512587422,-0.027497834953425365,-0.012547094979537644,0.0210421558081494,19.647017256176685,206078.62051168297,34.396049124873144,1002.7494782860124,87.8503657179074
2026-02-18 15:34:11,0.016967418239660158,-0.016734596540967126,0.006559092479815227,-0.01734592689825129,0.019752425962992544,-0.011971728730643401,40.243344361049026,14.189119992927083,0.06645524254258063,-0.002768458886552228,0.014784885322160856,-0.017431199869671937,19.312414411058704,204929.19404176602,34.105195192079734,1002.7510701599972,87.76731539824637
2026-02-18 15:34:12,0.03768273126182572,0.001120688194269981,-0.049332192902507024,-0.005270458314540415,-0.020253258276102075,-0.007596505839019603,47.33090392262818,12.69580979072199,0.05245681169728378,0.13470737302247476,0.014781944838866311,0.01459127733738114,19.29640390808853,206625.20922997835,34.79688884657845,1002.7403058026837,87.84667524892377
2026-02-18 15:34:13,-0.020347004678075473,0.020164979377718592,0.01980679979651941,0.0034113024336328234,-0.001725745574762237,0.07149630480355594,33.28906329397369,13.708774517233977,0.8407351133117763,0.08277772255995906,0.005938379163524254,-0.002423045412315311,18.921234202166193,204498.5193230038,34.379238235352595,1002.75060570948,87.86111386998863
2026-02-18 15:51:54,-0.01613309295213407,-0.020665127253220863,0.042715828781340386,-0.02750862743993998,0.020331188664342036,-0.0042109544601579224,45.477367226798556,11.458390413409045,0.9488902806690512,0.009951642031500823,0.005581551721645403,-0.0014125558624481633,19.03534340244275,206537.77483232814,35.08911762427437,1002.7387410445945,87.8932664221382
2026-02-18 15:51:55,0.029612510579551693,-0.03499934089283044,0.08043886656209194,0.0035443174725585318,-0.006783602373670415,-0.004393837591200211,52.798994436722296,12.570168834012145,1.0100681947286214,-0.041381997902866424,-0.025121867451235808,0.022687494176819187,18.8987199253669,206140.10108379467,34.952341706341926,1002.7369642016092,87.91026730506293
2026-02-18 15:51:56,-0.012140253299609605,-0.008597257912588797,0.002895209024885839,0.00597935170893224,0.00398963760058483,0.02186467116795563,46.63465565558536,11.586027990146393,0.7854059455975702,0.005988324559057633,0.005966063193081791,0.016209339460549185,18.552324180746304,205832.363131128,35.3281092649465,1002.7310870220309,88.00041806116806
2026-02-18 15:51:57,0.001481199604273125,-0.035845113575068546,0.009005306043708292,-0.020322963338606618,-0.006619723824584058,0.0045368000161829704,42.529422834849164,11.456912734955967,1.1351963601015567,0.11877774745523302,-0.02385577742453161,-0.0016979580046595853,18.90769054662344,205246.3802400021,35.355047684405505,1002.7238202559644,88.04511472499803
2026-02-18 15:51:58,0.01858476892514434,0.015888780740960312,0.05125369955892874,-0.005435366379280922,-0.024676863072494195,0.03222998879075071,42.7154103248631,10.758410733915193,1.3046086308749203,0.15514339448755482,0.01399038076942852,0.041215251542398065,18.626549198705526,206399.18745622365,35.62130093998169,1002.7282421212689,87.99219454945317
2026-02-18 15:51:59,0.01566792120360922,-0.009890064024747272,0.007109947868280717,-0.02905472278992698,0.03401274630405281,0.010450529045169635,39.24439240102995,12.917859617288812,2.057371945824478,-0.0386983969258297,-0.003982513307507651,0.020838121128799403,18.258549043245896,206218.7986711041,35.89915707001952,1002.7269512446867,88.01363213925701
2026-02-18 15:52:01,0.02988812229042254,-0.045961110703909014,0.010420187385114826,0.026940131247842385,0.0395836062100838,0.025344586652458992,44.74518129088088,13.945512336324336,1.9273264039987879,0.10474671502424611,0.004826733537212599,-0.005959855146957344,18.152787995975707,207504.3313511861,36.25430441622454,1002.7274036585775,87.9960294642811
2026-02-18 15:52:02,0.0256461723376132,-0.007707719386348377,-0.017380701498142376,0.006499402943130681,-0.006840782455354117,0.015615964520556708,56.152462614426184,13.043273688960001,1.6495618741471745,-0.10508368394481464,-0.0023413626468239347,-0.037180472150803535,18.147350879329952,207959.21895358348,36.65306335799984,1002.7317417481192,87.93763068899588
2026-02-18 15:52:03,0.0186596138297485,-0.0034389463267834675,-0.04081244124383555,-0.0018659610588529836,-0.0054213208376089365,0.02185591168953654,60.57536029365001,18.243130908792025,2.772087689213208,1.0454431984442483,-0.0002232046386548012,0.005422050477574003,17.994363915049348,206774.9924320754,36.268975687069485,1002.7357713560414,87.93058388866116
2026-02-18 15:52:04,-0.011594816265624495,0.014028002950909956,0.030105581244604687,-0.0015821143184167978,-0.0030087038038258494,0.0007530975240954913,62.635531141268736,18.161428089538784,3.063663689965518,1.0306679806689227,-0.01650438681810842,-0.00510722400902067,17.96607041484372,206618.9603504609,36.32338803833038,1002.7367731987857,87.9410673966629
2026-02-18 15:52:05,0.01418481992172069,-0.002094283083303845,-0.03703197120679164,0.019716142136812262,0.016494711653450744,0.00893506772366566,59.0952926870085,17.26602371648561,3.208464575154427,1.077055723573908,-0.0015849392742893348,-0.008802757198246813,17.55502800149924,207252.90414676338,37.40290799708445,1002.7417769146026,87.96188942572807
2026-02-18 15:52:06,0.006305258807035907,0.052659493432406654,0.03717860669496627,-0.00040694442171018,-0.022711551861900305,-0.00619508164801824,67.42231551743826,20.82539794723085,2.9763949381665378,0.9470028841076157,9.984045020139821e-05,-0.006720612238925187,18.011119762316824,208291.57811671952,37.84176250979078,1002.733322166711,87.89240981947704
2026-02-18 15:52:07,-0.02063669898930349,-0.01217720979941464,-0.02204931178381466,0.0065955493677709726,-0.0004891440659115678,0.02072965028502867,69.88289688903438,18.9627883723845,2.778063249233266,1.0150404762066134,0.0043706215530776105,0.0035266495425129796,17.562510486342926,208099.46683056874,37.62867928697763,1002.7366376655242,87.88308673662233
2026-02-18 15:52:08,0.02446903715008758,0.0002511413609535618,0.01035037848030646,0.026134288076313614,0.009091194160011945,-0.03915535684557675,68.87839786745326,20.879528843897727,2.87477221576027,0.8756613854310187,0.009717864030049376,0.021863663192242803,17.749636432931304,206635.50538719422,37.902351210347206,1002.7374608758699,87.86542711938826
2026-02-18 15:52:09,0.014461754671967792,-0.0008191677822987926,-0.009202346637637991,-0.004493113679345452,0.019421397329867682,0.024545819457723092,86.45638582043134,20.078590776724717,3.9217556795934585,0.9612905899406915,0.008721452035296244,-0.014310670135578657,17.4466989522727,207325.0446988197,37.48103592858712,1002.7351306925988,87.92180144617255
2026-02-18 15:52:10,0.001961720353384575,-0.005671733013015605,0.03835909586467746,-0.016742067008731813,-0.07354873431937327,0.03293390001369185,82.53190076474283,20.32729759608996,3.7088296987768277,1.0039505827612272,0.0054166614240545126,5.5193139486284975e-05,17.741665536253354,208760.74970218044,37.97707474903604,1002.7414256946005,87.90972444515029
2026-02-18 15:52:11,-0.002598061934952693,0.005907511086935731,0.01154773687251405,-0.012317183426968732,0.012998342694505916,0.025094693054163807,86.79332875064622,18.129580104977318,3.9630972625249394,1.0187199301921817,-0.009103238199199259,-0.0019986550530156463,17.41652325120624,208175.31576452908,38.05121554205068,1002.7500911152684,87.85405247544311
2026-02-18 15:52:12,-0.018441771516521308,0.016773583042860692,0.06253119449195733,0.02472938884573457,0.01146493315096615,-0.0008596230682143351,74.05617470284785,20.91701263052136,4.1517217802544994,1.1992127978622116,-0.019290729857864366,-0.011789266703132753,17.356084655166743,209661.3859424511,38.1340399944987,1002.7571475655216,87.75882250555335
2026-02-18 15:52:13,0.004548280905658619,0.038509437842109105,-0.030922449223772693,0.0027718508259749223,0.02947884368415133,0.017896106915943094,87.8991995026472,21.276501015602353,3.7486395576779277,0.9699831503993633,-0.01458851043104694,0.00565349623683228,17.289663042437624,207315.55344293418,37.94132941266884,1002.7401275145409,87.91098536971798
2026-02-18 15:52:14,0.008985987760588322,-0.04050809375605468,0.015123310778733915,-0.006967511916491186,-0.0121697201194546,-0.021452556395561546,81.5286281874275,21.9396636940984,3.924604570350458,1.0068909076928487,-0.01165521344491014,0.02917883766272411,17.045719608181763,207438.88001313683,37.83713352021506,1002.7309874967751,87.91446549847925
2026-02-18 15:52:15,-0.012352956601269035,-0.011706723986950877,0.0038964803843003866,0.017306853630490664,-0.011924366827486724,0.028161564376643695,106.1623129822113,25.442920806275044,6.6953322803148065,0.9255042088496921,0.014598715998130467,0.010969345614886607,16.975854850223847,208361.3697626313,38.970881305658466,1002.7221632038796,88.01982219741717
2026-02-18 15:52:16,0.020424011914678894,-0.009976226580265304,0.011077471532657462,0.017724806138477933,0.03486253849458346,-0.03129665669770987,96.1473424144085,22.53708810522004,6.884301743713137,0.8745721661768728,0.01823026745891857,0.002392230811378018,16.864245023851563,207576.60909764623,38.95087029236594,1002.7266013272516,87.97997178271554
2026-02-18 15:52:17,-0.01668835954645435,0.02770189936010719,0.051544772911190126,-0.006473810506588406,-0.04025112742312685,0.020752867148956786,88.52355926820552,25.106868330016837,6.989609417429662,1.0680741231843072,-0.011271128894730155,-0.005630335259614644,16.861777876712555,207785.4148523094,38.604504483863224,1002.7202396665828,88.02763215437966
2026-02-18 15:52:18,-0.03352941050552435,-0.007439959088343815,0.02052877137113931,-0.014611356775964545,0.04651348868482435,0.018910793499116365,112.24008092720511,24.604389026425842,7.172954214924543,1.068644885392875,-0.016985247730477278,0.0020439425497101485,16.75110303497089,208016.91974570916,39.10010713331409,1002.7258163559364,88.01173789329013
2026-02-18 15:52:19,0.018466431715883955,-0.049211340106494285,-0.032677786902777874,-0.024430130651202045,0.07172541938833307,0.015076049240008025,104.72177939337381,25.01234486252968,7.0845412909712495,0.9102955792489322,-0.024261070229922695,-0.025758970763817588,16.731718958837295,207245.16873560194,38.97308254146653,1002.7183603500641,88.0455715693745
2026-02-18 15:52:20,-0.005230754755213718,0.004695160366333773,0.01900580107315712,-0.028082405553176502,0.015283989794017823,-0.01112258851929155,94.05272699488039,24.97904277670533,6.827933858445101,0.8885390786105599,-0.008493239743330567,0.0003925786522062972,16.51069286527872,206187.09496130305,39.61771029720289,1002.7220155433213,88.02884112148978
2026-02-18 15:52:21,-0.0006546517241901306,1.0014265693621753,0.989878532304864,-0.0029382486568358184,1.0244611872386855,1.0260040951755751,145.225459999392,35.62294275064693,11.028225451048769,0.9618196154935736,0.007914206550163567,-0.0016888798846561098,16.517892415332067,207040.7493001411,39.70423481076712,1002.7118435892575,88.10566340103435
2026-02-18 15:52:22,-0.012328731746937395,1.0072562271827863,0.9881390215053861,-0.013243756018817051,0.9618999972952723,0.9462334120227404,145.6870310408164,35.167057363838616,10.961365633304114,1.1218534826224564,-0.01577351841825193,0.008903850721997661,16.616255959753286,204986.6138721686,40.29979293048104,1002.7162655787647,88.07031763206743
2026-02-18 15:52:23,-0.024938866053583447,0.9741412410447944,1.0348506311950019,0.0319951904874338,0.9835313692168224,1.0265969077821828,150.1675611450072,36.3815498290144,11.01183731090396,0.9027785760586363,0.020097847360178393,0.01635078624234186,16.498385270132374,205777.9201666067,40.053107253402196,1002.7122447163342,88.0914464584401
2026-02-18 15:52:24,0.02210007690251434,0.04913978858699655,-0.015755207198846235,0.002433689412779923,0.031175565511648684,0.008633314773630989,134.4745175808414,34.9347512965305,9.982776892939858,1.053576624561541,0.0071940041828281315,0.013164699998603325,16.528238332287735,205981.8072975191,40.24212516836103,1002.7212495082332,87.97316801587947
2026-02-18 15:52:25,-0.00983068810861081,-0.006335783960711406,-0.008881217498983658,-0.030426918526059745,0.012294192069039256,0.03507615450940449,159.5647457404191,32.786698009222896,10.063295654027948,1.0154265763849912,0.01824043874104901,-0.0006506899354447237,16.51821721339445,204123.1313247707,40.54169159698364,1002.7306237673538,87.96400578166232
2026-02-18 15:52:26,0.028804332274936048,-0.0026220886767131667,0.0038159452119911493,0.02482367123099871,-0.002435445371240082,0.008966673226009095,150.97261896387386,34.07506706371495,10.042751852318926,0.9854119151311669,-0.01111254022779874,-0.006711293943306744,16.513086544554167,206800.99701938443,41.763292740535086,1002.7299574293553,88.01258023884427
2026-02-18 15:52:27,0.014794062089481842,0.9780709289389306,1.0319258375259315,0.0041844004876390745,1.0088515180089217,1.0593323267402888,196.6936841658152,41.44362898801055,10.150286466599942,0.9644587839876119,0.012693930011729143,-0.008427905106477571,16.420133549548954,206606.66876334994,41.309814516948514,1002.7258909699515,88.05864373941107
2026-02-18 15:52:28,-0.0036274167099780083,0.9772592435532895,1.0207581552994878,0.013130803127792237,1.016329502287014,0.9739519925904597,177.39778771873276,43.23494191448436,10.032995045603922,1.0235472021731353,-0.01600958360926006,-0.010843511509477361,16.28121857195477,205341.75010528398,41.39268132473563,1002.7240532811192,88.03402222008634
2026-02-18 15:52:29,-0.016281893114396564,0.9693631415346357,0.9957211159487658,0.012772129313074544,0.994621742274242,1.0216472310501836,189.39209553783365,42.61098775342304,10.279642526703785,0.9850216007127648,0.012409041124418119,-0.008198207014235256,16.155389932285274,204743.11386691532,41.931427216930665,1002.7201446515131,88.01985644548442
2026-02-18 15:52:30,-0.010455108647848228,-0.008070715599216332,-0.0054047001112459275,0.006455632592910333,0.0018291760189172927,-0.024264331222179348,188.69035746300997,43.665655421659,9.096420628676364,0.9789505303414956,0.02423612707371062,-0.00042351834928821717,16.41814829044229,205448.67386916353,41.82101670250648,1002.720964818232,88.02710623725295
2026-02-18 15:52:31,-0.01832596756142172,-0.023371694211511324,-0.03265232900828753,0.010200997873374223,0.0016595784863037818,-0.0008909561626344615,184.2802119282008,40.49374867342971,9.246841760095895,0.9923490468495242,0.024023989701618672,-0.017705703987787334,16.115974722678995,204199.43765070016,42.29130488288744,1002.7136735832325,88.06955057593387
2026-02-18 15:52:32,0.03591817468400186,0.058551239705384214,-0.02031903821787943,0.0055426154636937525,-0.025914226336024016,0.025835717744109976,182.42354536452905,43.1755299043974,9.12826283228593,1.084053612418399,-0.006824503495646864,0.008542279656352774,16.185278334595715,204596.09638231384,42.773289068855085,1002.7090424543057,88.1075348679882
2026-02-18 15:52:33,0.004339656678045825,0.9513960472472089,0.9829553888886913,-0.01654493163015119,1.0114990407670024,1.0222771047433812,244.54824014138626,55.27220915363292,10.910211532284734,0.02170352817370392,-0.01234125948859122,-0.00014002823218548974,16.39308627018408,203866.71149630347,41.79549690022191,1002.708747522799,88.07927095038873
2026-02-18 15:52:34,0.02055796010824335,0.9720802612825258,0.9985084834971871,0.007682473126343553,1.05174121290834,1.0669884206700013,244.69729459512024,54.35196416390359,11.210492330795532,0.01178695408569952,-0.0010251504423698875,-0.011576162596729812,16.011527873931268,205198.13250827848,42.46356228500111,1002.7140268686072,88.1269627292017
2026-02-18 15:52:35,-0.01915343359996666,0.9918611804500449,1.0641723177663167,0.018500759767872993,1.0498255900757265,0.9923329463772113,239.90114658033448,55.613416603619186,11.201465629117013,0.10310704201203849,0.02637942706948226,-0.00848753115459714,16.062412790532147,205131.60449920283,42.722468003111906,1002.7098408173747,88.13690316429268
2026-02-18 15:52:36,0.004667546724084242,1.0210970694281194,0.9824106371528578,-0.0017595947949525354,0.9626839696057002,1.042676076155894,251.80441572327754,54.7321214273228,10.566209505833113,-0.011471973389285463,-0.019857122417848313,0.014852125927843764,16.093132157376413,204525.41795484535,43.27358339580222,1002.7086597782608,88.14621496835377
2026-02-18 15:52:37,0.02106764961915597,0.9915866616697956,0.9941093353356479,0.010770858304716623,1.0183327487122935,0.9953852943044963,240.7669358785184,54.77332268923038,10.93039157606106,0.10675343661252745,-0.02222025195100727,0.015898553753263336,15.787270386139364,203920.96356180153,43.514084813191076,1002.7129275518631,88.06401794985138
2026-02-18 15:52:38,-0.0037762841842476492,1.0212250664037097,0.9401738079162475,0.008624700929289318,1.0212125786205457,0.9816980764822818,251.9762088840332,53.962507278740254,11.242499990248637,-0.039632121752528185,-0.03059525894510183,0.03932538151525561,15.869185387631617,204029.94752995574,43.99540979072183,1002.7176400641587,88.02910809886423
2026-02-18 15:52:39,0.018692815091504073,0.9760776507073813,1.0217196737267522,0.03158579197719071,0.9917356966819499,0.9534027296156952,231.08881198164232,52.081268192205094,10.181834901744368,0.04427914708316685,0.0031631701628027187,0.010619444544656234,16.188801913795317,203416.41184568146,44.28551667383749,1002.7225474163677,88.09334472892151
2026-02-18 15:52:40,-0.016057605150113667,1.0045307457404737,0.9548352394136855,-0.0023876355178594827,0.9767222179374214,1.0082997426464169,239.6307176626714,53.43310461527315,9.788052237068255,-0.014978037404834112,-0.025099708932798632,-0.008958664611732822,16.05148293939373,202521.81372599112,44.77866218549994,1002.715325273684,88.05257676389976
2026-02-18 15:52:41,-0.02062267077473824,1.0503362654160922,0.9754815270280274,-0.0030143316716250606,0.9670633274071506,0.9873192279169802,239.71546945340833,53.468056475445955,10.151539706417825,0.002784293867162114,0.020490680279661604,-0.009659114109470554,16.085101199558487,202573.19544372964,44.38175856480745,1002.7122252450931,88.02530348858934
2026-02-18 15:52:42,0.008037832844951846,0.9766867456596917,1.0353958916725305,-0.00011882083753852069,0.9908978986055232,1.029410183221434,240.49734241285475,57.40282454927853,10.287766119623077,-0.037058643729066795,0.02760246159874909,0.007866095995138727,15.983778052718252,205031.2387339828,44.59086390979435,1002.719975338487,88.03293940198384
2026-02-18 15:52:43,-0.004410115895121898,1.014410798829623,0.9387318091550433,0.0001385344426021852,1.012520874780383,0.9871700186261162,245.65156751075895,55.9439020051353,10.112403320417252,-0.012819634408470369,-0.0004103240179105594,0.014451016533195506,15.641410542513889,203323.81409906765,44.822500933691344,1002.7256141703581,87.99161243503443
2026-02-18 15:52:44,0.012391043956898239,1.0086637235850306,1.0063864407948193,-0.035508258315031155,0.9987469649848156,0.9887959223696992,239.52119502580243,56.13233312203307,9.786335128001744,-0.04088668947887042,0.039500007186645675,0.023962942535313496,15.761546910282672,203422.75616011018,44.88245839241014,1002.7303569543136,87.88969348794461
2026-02-18 15:52:45,-0.03064631588387218,-0.05810294336585258,0.028081972941180738,-0.008702549974669826,-0.013527352597729645,0.014370363703589146,214.17353218790828,49.439117442972695,6.894922466408552,0.035834354282091946,0.005464684885756387,-0.012002329820869108,15.564360384408836,203085.01738335192,45.51438615294544,1002.7345007316293,88.00655457948427
2026-02-18 15:52:46,0.01358165621201478,-0.012900210006974645,0.0503767996708009,0.0068046703589351,-0.0308376418673442,0.05639180598282072,215.54904430657768,50.811842745098005,7.080627978310548,-0.04935633241339809,-0.006161064906381788,0.0033926961744666162,15.966008282738127,202488.7454849756,45.22343727373829,1002.735198176642,87.94021210851376
2026-02-18 15:52:47,0.04459494770561085,0.03386638988373121,-0.024727006124088825,0.0017591125398077664,0.012661745377282072,-0.0299058484513408,221.80615347407863,49.89610293446834,6.984297411707632,0.04527684840209248,-0.006402378887928422,-0.01649832229868695,16.249297191930186,202339.1247922107,46.26155601540787,1002.7332095619557,87.96021501185422
2026-02-18 15:52:48,0.001508495209867561,0.0068332020097839445,-0.015596028965469393,-0.01122302838553493,0.03214134816025333,0.03484265973376785,201.23153536565593,49.31382965718526,7.2183903385115205,0.17110948334103482,0.02443100585909836,0.007825711811923113,15.601473403656035,202636.1852546089,46.1545890217382,1002.7360373356485,87.96169353640686
2026-02-18 15:52:49,0.0024926778929412145,-0.02974415065291681,0.059051904458261924,-0.008993294422272684,-0.021991196868576476,0.03046783979280307,202.21691815790484,48.63467822846952,7.13296697074587,-0.09984663413738873,0.014354653427148025,-0.014126236465932808,15.972811331865715,202930.90312304944,46.53381756187237,1002.7267790745957,87.97122398117939
2026-02-18 15:52:50,0.0049006773326103915,0.02199253719770836,0.0028757188505453067,-0.0038941072063487345,0.015407869064675667,-0.0031427981818412396,197.26553038082452,49.17216862151688,7.3261307288514805,-0.1565219051458621,-0.030142989630638762,0.024818284286492614,15.961796403078106,203724.96172027098,46.97500633242253,1002.7391113090022,87.9708319907537
2026-02-18 15:52:51,-0.028631054673413613,-0.009763549022992063,-0.018941352183753857,-0.01120453072891755,-0.04781149415824258,0.024431982308113356,188.3708789636348,40.003042874922706,3.178648797323956,-0.06031896700836524,-0.02775924382146547,-0.010379346680895964,15.814971968683729,203654.9246914121,45.81436291166643,1002.7324235812446,87.9650947445759
2026-02-18 15:52:52,0.008990011321632125,0.013067437793468889,-0.018330009112579478,-0.006444619676221765,-0.014578765828308023,-0.005019815748160034,171.4981406374192,41.29243854558138,3.1054969373965933,0.060025360464900285,-0.021264788809959908,0.011511350224289356,15.570637825161972,201885.6551894258,46.715916656386824,1002.7298560969435,87.95087169046307
2026-02-18 15:52:53,-0.02437789468252904,0.013556197993752194,-0.026132558959896187,-0.006859083230660396,0.023138716399118135,0.07660886461407158,167.66075153758973,40.50127043717876,2.969872116546125,-0.04092103654527325,-0.007420465339435572,0.004307028643508844,15.631575397397757,202907.96758337494,46.73251927246541,1002.7285743241792,87.9733174414087
2026-02-18 15:52:54,-0.0050048526657255794,-0.027049665090542026,-0.00972550513481798,0.016737965898811248,-0.027024440439124033,0.0003391701750252111,158.3681143320904,41.85355897053194,3.2393062715923477,0.048663580832042475,-0.01853957027279425,0.0027156071820272874,15.449773877030015,202682.5840643798,47.239480886136526,1002.7287928980953,87.97155203146573
2026-02-18 15:52:55,0.022467105144301166,0.02483584517961736,0.03725280602421059,0.018745194015693474,-0.01304669989738398,0.0062883405941694635,159.41443120879447,43.046254439243235,3.0203263712652055,0.07456178571117063,-0.010096852551342593,-0.026491124081162595,15.715159652037872,202597.71485227722,47.47412157730062,1002.7297518591063,88.06106848783013
2026-02-18 15:52:56,-0.010022084662223391,-0.023967861151774423,0.031128314283844986,0.01740276550016944,0.041932958075761605,-0.006157780939375192,170.4252056257384,42.00778924182488,2.858927537021225,-0.008731258925302706,-0.010997043897916232,0.0005403845930263519,15.752727773754124,203278.9938643504,47.454222923637445,1002.7227748749352,87.99488109674432
2026-02-18 15:52:57,0.010316212944677647,-0.03204171402169096,-0.03219257086396669,0.009091115261026766,-0.01647473029233926,-0.04814429272939874,130.2077610536646,32.96900992640381,4.027361969500372,1.0702404914129493,-0.015673971582758888,-0.013451316113362938,15.829991020064426,204148.1754635942,47.41303983146306,1002.7249417314084,88.00706661971509
2026-02-18 15:52:58,0.018740362369943118,-0.020519448437642914,0.010513903052812284,-0.009543312614791584,-0.019734657882300406,-0.0041644588597861045,134.22108895516388,33.75955557060634,4.005601429407181,0.8512278967365785,0.035433525784678566,-0.007212252809407654,15.668970223275206,203478.22065541332,47.39945434738324,1002.7221184887649,87.97304917201512
2026-02-18 15:52:59,0.006696338855775422,-0.005905693547355401,-0.008400982697495205,0.01788926617407094,0.01914361835538075,0.01108446840797634,123.19760901123955,32.463043241855914,3.8645229705323367,1.0669067195311044,0.024408689209277943,0.009736199707414888,15.565213700960248,203581.77494209245,47.863786881424126,1002.7258257530541,88.02448432882579
2026-02-18 15:53:00,-0.020396019469608506,0.00650059229583019,0.028029796464145135,-0.003030400152820607,0.05663871121166053,0.050104887637464214,133.78920718721378,33.148843333758364,5.150027248210812,2.0645374988413745,0.030114685065522916,0.044896878080711466,15.5793119304751,204418.8782904836,47.63891085629516,1002.7214867473385,88.05097599478312
2026-02-18 15:53:01,-0.003311505932381047,-0.017432812038089957,-0.0007800850667845083,0.002531181020065113,-0.0029534024803614793,0.019139202194982566,123.96142648353208,31.29461765400387,4.998518339872005,2.002190527502774,0.028530790892712113,0.031996743992533175,15.652364466636131,205113.88875493553,48.30740940083188,1002.7202451311015,88.03269308968801
2026-02-18 15:53:02,0.03437142148324501,0.02382584754111992,0.015473354609188597,0.024162862059431356,0.02447566652176474,-0.001760294299831211,131.03872697776563,31.890284080713307,5.082663668353905,2.0788787000276376,0.0009656721180400136,0.010229329849050712,15.70721878430418,204070.222985646,47.63112722504156,1002.7261138523824,87.9731821494339
2026-02-18 15:53:03,-0.031090170922014652,0.010451671706132171,-0.0007802901154773138,0.0035694629747485543,0.04018423007269372,0.00593452582768054,50.68112916289143,15.275950000967315,1.8985343118669924,2.10933935625134,0.0038452411891728338,0.008177489552688611,15.857151416326873,204594.97276440408,48.53646406332983,1002.7306865873644,87.97147974327508
2026-02-18 15:53:04,-0.002324694537361387,-0.015228115372496688,-0.06307019082876515,0.006271362484338624,0.012495076312387415,0.014184594884638344,55.02002996345986,15.032998478106336,1.9952466288511164,2.14358072522263,-0.012509195940716962,-0.003413933712528802,15.945600029927146,203892.14555450823,47.60118740697483,1002.7267213907353,87.9630174540182
2026-02-18 15:53:05,-0.006847334934088484,0.02783432624772807,0.005605712773495075,-0.020991483771245052,-0.0036535895387451015,-0.00748200649343414,58.07724430899567,12.562718913766751,2.142521054408233,2.144243921517057,0.0044754411774714144,-0.013648877887950515,15.636386795687665,204056.41788747977,48.22103826331314,1002.7339606571811,87.97438627282374
2026-02-18 15:53:06,0.00422866951359856,0.03525710293721904,-0.03487796447503307,0.010247764807631603,-0.020099464777564115,0.025157445106783468,53.64822317230194,16.677373358586,2.98272699050585,3.013342438808917,-0.013618993098946014,0.009138415309911802,15.473261228065262,203544.0630162316,48.27762897569546,1002.7353392881802,87.87734659898724
2026-02-18 15:53:07,0.014558787638816097,0.001059691211214655,0.027185601608869896,-0.013842565677408568,-0.03498238089305973,0.054160578824768525,54.71060649679155,17.623903302425283,2.96433660034587,2.9997547681415497,-0.02309600211279926,-0.004837122765237047,15.801947695112878,203950.95293559865,48.13663360154574,1002.7386185889602,87.94733533509526
2026-02-18 15:53:08,0.028718110499912245,-0.002069751423278999,-0.016622691513691785,0.01891118624459118,0.03397662787346975,-0.006892845702139566,61.76040025917159,17.551386854925546,3.363929385831163,3.0042164463358456,-0.009906014058601299,0.02988119465425092,15.98827925761962,202729.9934415746,48.04728091543017,1002.731966756793,87.95423528448887
2026-02-18 15:53:09,-0.002141446594394357,-0.04439203068646128,-0.014289628780791647,-0.000734162797545308,0.0087184635504248,0.041400058840600586,100.38100065068643,27.456527793706762,4.071453736167945,2.823953338883861,0.015958684520128406,0.03605131800781236,15.492749396686914,203412.2685979416,48.953923648279925,1002.7344534221318,87.89491418784719
2026-02-18 15:53:10,0.01566780859290318,-0.007240001579598358,0.004060010877440011,-0.034430964152898286,0.04004478094058447,0.03125833709893578,104.25356313583146,29.416217725692036,4.136971907569524,3.0582895435537694,0.0037534356867878448,0.03597493029460352,15.519352819621162,203719.56123031085,48.737124985259555,1002.7312249189923,87.9727620622021
2026-02-18 15:53:11,0.010548962291987022,-0.004057676432691935,0.02212043812072566,-0.0035473448488208934,0.03073200301755862,0.020874582751077057,94.25372671544382,28.516704566542703,4.139173043257081,3.173056824030565,0.011747679746869511,-0.007779034030018422,15.56425393402314,202834.09549903235,49.18432597573973,1002.7374114009498,87.94269518506457
2026-02-18 15:53:12,0.010150056043846058,0.010560076996116151,-0.0008129806159244361,-0.0013927848866890765,-0.012870200337458924,0.007841205022070748,88.85981088310264,29.39268865957469,5.037636039073169,3.049254095801034,0.0025289147244818263,-0.00573942121889796,15.577304228952121,203492.2547676183,49.56345320948428,1002.7304687006845,87.99851073239073
2026-02-18 15:53:13,-0.006894346212611688,-0.0006527234449736968,0.054892163666527,0.010351326903210624,-0.028324560345170113,0.014815006620907978,97.75316433563832,27.942114375761243,5.105276796170659,2.911296436085853,-0.012209605540114186,-0.016817188042172054,15.468805344657348,203263.833630181,49.28606893079049,1002.7364378602268,88.02692586821074
2026-02-18 15:53:14,-0.013998342194138633,0.01058415900455801,0.055130417478690796,0.013410596857010322,0.015166224605557697,-0.0022082023893443,92.56218222461678,28.5238959619192,4.870369263549525,2.941018112960342,0.010485944808689711,0.012518809799107966,15.359765123535935,204880.48689226818,49.46566938135562,1002.730509620703,87.95610647814841
2026-02-18 15:53:15,-0.015668058641883365,0.04566593852437943,0.05721262890025322,-0.0029765400585695,-0.01320108406392452,0.06094259472345039,100.88080023197357,31.03893980322521,5.249842017458835,2.9450040049131103,0.0038076472408949276,-0.01116704358883797,15.646537658532031,203846.53527606867,49.08258793054344,1002.7378434725935,87.91663838129142
2026-02-18 15:53:16,-0.010002893101668762,-0.010383196258698971,-0.002659447000195419,0.019073614557681702,0.014249455364491148,-0.017532755891063907,113.24041976544362,31.8449895486737,5.218489089188572,3.1253593195861358,0.02307969144908222,-0.007190556140449691,15.531454264718718,203031.19166799448,49.76309113301438,1002.7302935974651,87.95067676439483
2026-02-18 15:53:18,0.0077332324728270705,-0.009294722261045437,-0.04095830705560556,-0.04960024453143027,-0.015820467495898938,0.03944504075915681,109.06528007818152,30.357400575472408,5.053121109908966,3.0452364371009613,0.023713353864599558,-0.011647901484702596,15.71226793873102,203812.31726356377,49.854494036754694,1002.7362521342232,87.88341555088643
2026-02-18 15:53:19,0.014970409824616717,0.9685051695023551,2.0420951380250614,-0.009268513158582462,0.9806758203349366,2.0522232994075162,119.93843621208603,37.84919022421331,9.0244940019578,6.054742103306446,0.9976928065940217,0.99358491097573,15.622216534386999,204319.63967855158,49.55993365353545,1002.7368100526935,87.84343461725798
2026-02-18 15:53:20,0.007799314283149651,1.003870647261873,1.991851036267025,-0.015796958340504038,1.0002751965830703,1.9947149071103332,123.70124659299914,38.41150489145862,8.829479954972669,6.035052087821343,1.0042955602813481,1.0284594188092488,15.684121873398018,204827.35055332427,49.34905860989202,1002.7348000822108,87.90223682920951
2026-02-18 15:53:21,-0.006519577809238454,1.0306766379749446,2.005850124382231,-0.018109198992380695,1.0295161317152361,2.040497680710241,123.35251868957147,39.06295516914615,9.185096226417357,5.933372791269807,0.9882826692594371,0.9635053024218342,15.534404943946154,204801.47500066305,49.5169860057074,1002.7392964378411,87.92066056167168
2026-02-18 15:53:22,0.03219931659869281,0.9565897353725826,2.024016766984445,0.01829194141199625,1.0124955540520542,2.009135644042147,118.68656640302322,35.802826772927084,8.98407149293653,5.945089539019003,0.9888609769773792,1.0107106629007017,15.62152036367283,205063.18915964765,49.59539590811015,1002.7238688689314,88.00375293241501
2026-02-18 15:53:23,0.027499479337412085,0.9861056866440995,1.9554505711159642,0.01616512833577669,1.0362139647001531,2.006662246149673,115.66822965356012,33.60392638277217,9.119723078477032,6.058012720110255,0.9933444516388235,0.9897202858371495,15.404416312589285,205408.2314327138,49.77124490389111,1002.7192076415372,87.99728002565197
2026-02-18 15:53:24,-0.0032605276509497147,1.0052041253917305,2.05483478431115,-0.01019183296493458,0.9707114121547685,2.0024897178099845,107.76111926605473,34.760450793311456,8.798685671999651,6.016795620307743,1.0102128823539753,1.039417856181593,15.575701350272489,205947.98341373005,49.64443991026569,1002.7199724539195,88.04104978843786
2026-02-18 15:53:25,-0.010956697137065215,1.0273555487290673,2.0316979346816564,0.021935472265681676,0.97553695920045,1.955233781471252,118.65912970354657,35.000669127372774,9.123471297590465,5.881824837624363,0.9942684163870689,1.0155271175466734,15.637572228165283,205481.58837508466,49.5525495413369,1002.7266046354442,87.9355794656361
2026-02-18 15:53:26,0.004733784538831973,1.014691127741819,2.015672854739598,0.004261343074309424,1.0018658398481024,2.0216841991221624,121.01840354421014,34.7761569226487,8.997271808510884,6.065559140555163,1.0268570531798538,0.9864247946203071,15.67379875135894,207034.0515594886,49.58688785604133,1002.7347722952734,87.95753328837029
2026-02-18 15:53:27,0.023438848626460944,1.0131617893041933,2.032256914629355,-0.004317648147682219,1.0631615395188176,2.049236413938854,123.99072730221997,34.94693144030914,9.026766637223513,6.109444452020349,1.0099723591885652,0.9928759558765153,15.422173953566245,205645.24402266552,49.6639510560029,1002.7315798576939,87.99255059317507
2026-02-18 15:53:28,0.008099254368168534,0.9982546320981688,2.0220303852771493,-0.008756749312296171,1.0226698036677204,1.9832659663596082,148.11582310858253,42.60609909399061,7.802968607261395,5.011562486616371,0.9982895775853026,0.9935372463517826,15.541086236278947,206730.0289352853,50.10402694276765,1002.7252949652308,88.0193395344664
2026-02-18 15:53:29,0.011795279703860044,1.0174723367266645,2.0085421240197885,-0.01014096510915172,0.9753995323030328,2.0309867808742283,154.84028673376213,41.6014178375498,8.13163105645598,4.989249899835696,1.0185590513095717,1.020685732071898,15.631131491874143,206493.30314569635,49.38903164434658,1002.7124271799103,88.0696978489876
2026-02-18 15:53:30,-0.0008178585354448424,1.0319690060446125,1.995530769843432,0.010436948585844824,1.0023413428276804,2.002369115036642,151.84037426082168,42.38339135297988,7.929471843740558,5.106139685203243,0.9909709073314967,1.0292783561975947,15.193518088515482,206765.48032645186,49.058072424155775,1002.7097754756695,88.1188814808809
2026-02-18 15:53:31,0.0101841209766889,0.9580067517016375,0.9823115478232792,0.013370382526048195,1.010437393387514,0.9714489515305491,140.84329476938674,41.0484144222955,7.0182380766227075,3.997756570319315,0.9924166866682179,1.0049993584473393,15.35170809483078,206651.20566894882,49.20121139534289,1002.7042738962525,88.16183434730638
2026-02-18 15:53:32,0.028087046411276753,1.0242654291695759,1.0138803534283867,0.006623721787533399,0.9890195849232025,1.0357155918709324,138.14396499947202,40.64983171274705,7.151757353400991,3.9687944747634205,1.0238387650242768,1.0003363570879447,15.475638028220937,206912.73964856914,49.80858970986734,1002.7222026363237,88.06251655537021
2026-02-18 15:53:33,-0.0012160582303640042,1.0018180124135192,1.0161880235721572,-0.030970355432461807,1.0211641875973534,1.0568930341923661,147.24208271419698,39.034130451561765,7.012532873698442,3.9046453789445335,0.9820092577300223,1.01907049602546,15.333383993677183,207921.25220043302,49.831791047653375,1002.7246257393534,87.99743752181347
2026-02-18 15:53:34,0.005096118200498018,0.9901318184566205,1.0384054596960013,0.007611334816030062,1.000281073869462,0.9807214912520277,159.13018318457458,40.262297456762965,7.337284537292181,3.9774671770404066,1.0002704062454812,1.003061460031303,15.263313107052417,207432.33934079166,50.13917756788625,1002.7286505906698,87.96616791918773
2026-02-18 15:53:35,0.006930598931875802,0.9381831514504386,1.0113241862245594,0.012051060768822026,0.9964292762294913,1.011789408757232,161.1273297312747,40.749544461563225,6.8855016792624,4.141341537061417,0.9966619277306571,1.0100265586287807,15.40897276300055,207093.06817052767,50.59086411104322,1002.737264882888,87.90811848404829
2026-02-18 15:53:36,0.007440513208441438,0.9670880727738568,0.9789790874222516,-0.008219815600023442,1.0388340988459557,0.9609580488410253,159.80429133641275,40.96286342304759,7.064152855384179,4.092576470708225,0.99109773863049,1.0061549185933267,15.258375283733155,208566.58533049832,49.64982585394964,1002.7331522324139,87.96621706121879
2026-02-18 15:53:37,-0.020406568336419198,1.050759715905405,0.9567986196885785,0.0035069812177660332,0.958171058244965,1.0039371119182627,166.2066136581738,43.33980183498797,6.091404141142676,3.0201091656877894,1.0182276390148992,0.9902534366937085,15.323062818574774,209035.5040179149,50.04602341362805,1002.7429130978107,87.82961115332128
2026-02-18 15:53:38,-0.028029582298274094,0.9859453679251083,1.0013428653235132,-0.027816199270989304,0.9785209075951558,1.0201963681448287,164.93058788129872,42.16370708704661,5.867202518790489,3.011488040555332,1.0163016622220864,1.024197021614262,15.072544682320185,209096.23535594303,49.45329458716712,1002.7461097379553,87.79732733816944
2026-02-18 15:53:39,-0.013923862823255516,0.9752103729251709,1.0044529090463892,-0.017380132356170586,0.9824773266902103,1.0591540339682661,153.60025550995906,44.00391771523058,6.040698629633893,3.080712487959821,1.013396818903265,0.9933856310471638,15.215320718377594,207854.2148853227,50.01468078441932,1002.7538565912005,87.771475731659
2026-02-18 15:53:40,0.005611335658881129,-0.007686970862684176,1.0023171240482818,-0.002477040147084031,-0.018317476572404488,1.0531868067394803,140.4406703506165,34.25227147488962,4.996651600033467,3.0191572247597023,1.0030988745441056,1.0332918073922934,15.308128064666636,208375.30239606206,49.724112760603234,1002.7530033277433,87.81029197833124
2026-02-18 15:53:41,0.011971784181116916,-0.015501190116592546,0.9583409205699994,-0.0022206127358243314,-0.015055755970347716,1.0558304765839617,134.33878837958747,36.72992034936291,5.062731315583625,2.9243405716977118,1.0128714981151539,1.0213631191884158,15.236314792037298,209510.91980663122,49.211418019033545,1002.7471364792259,87.7569861466593
2026-02-18 15:53:42,-0.005832839910155638,0.008153930143152362,1.0384122670953002,0.008667636257792856,0.01804709490506916,0.9892050386493872,149.18226888207465,36.70807566804206,5.09859804677772,3.0222293273223864,0.9711998659303589,1.0058255687234954,15.230945990258196,209547.46124254874,49.71100283710625,1002.7537323369434,87.69449803259167
2026-02-18 15:53:43,0.025540233866372154,0.046022066530754524,1.0383902685361037,-0.016599174436326792,0.034598576596666986,0.9979015271695347,138.86248177683257,36.85200375532807,4.246750603738376,3.0244754454329095,0.9964070617353793,0.9831764398737243,15.271530968074385,209362.64072325744,49.75276313832022,1002.7511839827321,87.79708045510014
2026-02-18 15:53:44,0.0005720476911870958,-0.011102609803817883,0.9801734016895259,-0.0026823500082652084,0.029724987078672903,0.9543333760474936,145.6673947390201,33.001768589032984,4.07302633849749,3.013258869111949,1.003397287254271,1.0292315452919185,15.37132767077316,210381.53817056873,49.66722510730809,1002.7554253754178,87.80530231976934
2026-02-18 15:53:45,0.003277247093376775,0.009058418177116584,1.0302664084645545,-0.00510559273699377,-0.02283545829614316,0.9835300372235645,133.49185707230149,34.78558658291032,4.11375906229062,3.0303223431659063,0.9935281160323792,1.0077971713187601,15.155583994032991,210808.75004447158,49.40537855478065,1002.7477493832154,87.80048888598455
2026-02-18 15:53:46,-0.00022580099638222582,0.9737259920072253,1.034812673343878,0.011639020366947365,1.0019781579338742,0.9609304131441688,153.46793599732572,40.82100695043862,7.263109090930962,2.9643903153224698,1.0057711969355396,1.0169319330760112,15.17194971506987,210738.52777004853,49.9650401821361,1002.7565519750494,87.77289119700097
2026-02-18 15:53:47,0.005182745962263365,1.0462304726880558,1.0067529747049528,0.026333379302847865,1.0172153117165013,1.0168026842478455,155.35527284456487,41.3628441302833,6.780224848097917,3.023366851454593,1.0404266348207039,1.0261483060380945,15.172729658061803,211223.73646585768,49.805025357760975,1002.7525376079338,87.76286030891556
2026-02-18 15:53:48,0.014575789714578204,1.010093920527756,0.9764638389146039,0.031279919470415835,1.0114785039912513,0.984191345055616,152.21384834021947,41.10489263812175,6.98766586780768,2.901312488451904,1.0046538352580292,0.9852165476999704,15.078196256394147,210302.36482798186,49.635421471702394,1002.7638378241429,87.73493625642718
2026-02-18 15:53:49,0.013956213132882745,-0.02440533957947012,0.05521101967983472,-0.02275855423554727,0.04046547911188721,-0.028200288283907193,160.96682414908673,35.346009914810764,4.034738967995132,0.9488057798142179,0.009380960551790952,0.008628634660907235,15.019525694630714,211326.41042469186,49.11838107351652,1002.7565269128334,87.72658240533654
2026-02-18 15:53:50,-0.011729194463336867,0.029588629764915768,0.017378547948674775,0.0022462992192933207,-0.013330622377091695,-0.0052450898535115415,167.8278996365691,37.523238733978694,3.7852474736755353,0.9958912886272714,0.006109281543889655,-0.0030310643367232703,15.243246416859876,211468.92693662722,49.178278381686454,1002.7583851111194,87.69416059934741
2026-02-18 15:53:51,0.028093422446738462,0.037652787449937566,-0.002003753838284184,-0.015229391293266364,0.009296043580239326,-0.03069561512026939,154.51900115291446,36.529127073677216,4.041122272794154,1.054758066639482,-0.01596107821913831,0.007967895617248462,14.930101216772973,212196.30030752424,49.565035904048685,1002.7558619965157,87.77600066638365
2026-02-18 15:53:52,-0.01492335585009952,0.009466030149084578,0.029489048146605086,0.0020081405590346114,-0.005604965588253754,0.015238092658325318,161.01932944035582,39.784328220652085,3.6602353549633446,0.9923324186609943,-0.020516359470934015,0.010155870216965873,15.161417119284678,212933.17814835426,49.79938890351008,1002.7490775489963,87.75025605175776
2026-02-18 15:53:53,0.0043925510057305946,-0.03943322028800197,0.055619797333384666,0.010040739705649348,0.011931407384013958,0.014517602755151442,183.47306585066127,39.17025982832656,4.139986917726811,1.0436377616532417,-0.022582184308805247,-0.02326641314064102,15.016285448389702,213798.65456651352,49.45812201605826,1002.7558834011666,87.83578964682678
2026-02-18 15:53:54,-0.0014004514909827016,0.05364355907941743,-0.009462599658525948,0.00444815146199829,-0.024173869951616953,-0.003887692920466595,170.80918323596072,40.267124014688804,3.7980544519727824,1.0841735400508228,0.007415110435539311,-0.0006133943876905162,14.97530856029192,214960.10560279674,48.91240514298903,1002.7609710685332,87.71367549515988
2026-02-18 15:53:55,-0.014111638652279788,0.0135965726912813,0.02709054191282161,0.0023218868627947827,-0.020069024271945034,-0.016602875693275752,210.95272330877572,46.50378342468591,3.8338063456440272,1.181323192846343,-0.029156679267271873,0.004414309811577349,15.055692489552833,214236.59972009133,48.929203930116124,1002.7608436830999,87.72880007207308
2026-02-18 15:53:56,0.0019112132815209746,0.03700243081394384,0.06558409464743842,0.027517784180401076,-0.014636430990837852,-0.03527258159850955,208.46637461059998,45.235165058400426,4.112128068171935,0.9929342906797229,0.013155253560960992,-0.016728747464511636,15.054178518942445,214565.07800164007,49.21222813754366,1002.7644191309037,87.69620028768777
2026-02-18 15:53:57,-0.009010295591833587,-0.009736625075966975,-0.028390391954119385,0.015012764995280346,-0.01008375528174425,0.022978754434725704,203.8721016802116,45.166557761868354,3.768927548451528,0.9686608109655379,-0.0001513483344405507,-0.008559217622093725,14.808619921433758,214637.54138037213,48.235173326786,1002.7536739369913,87.72879652108581
2026-02-18 15:53:58,0.004380673340576081,-0.005569013672024448,-0.010925577815880227,-0.0012982374526907619,0.04731919222909013,0.012977385703879525,198.03997494761063,42.269767018893354,5.3520732803703215,1.016131410372787,0.010179756123371025,0.005018930687040159,14.930509709296365,214725.35192255574,48.10932388474692,1002.7533924237536,87.80301041437133
2026-02-18 15:53:59,0.009825178470977684,0.008293159484688417,-0.012384446825437545,0.0035988083984195324,0.0372281023167879,0.02025033667146009,189.9911611087885,42.327316484972044,5.048779203136994,1.0273111652181734,-0.017849053958938342,0.013892205319736254,14.850677137147262,216180.4551154803,48.8933651143948,1002.7484123684394,87.83291625313842
2026-02-18 15:54:00,0.027408791671326822,0.0355739538524779,0.001154274262228223,0.01753152640138374,-0.0004552146748572957,-0.0033962948511268853,196.49240493062572,41.961299029011926,5.015477942075162,1.0515393982685786,0.027571829095714803,0.0007756696610610558,14.788663228484781,215256.78053851656,48.50806212674819,1002.7449164861868,87.83824013534773
2026-02-18 15:54:01,0.008289222165177211,1.0092380251962199,0.9996018455063453,0.01325892310602704,1.010051591714225,0.9993575918747515,244.18951475294546,49.19482657059359,6.219350196414959,1.0701229432346508,0.002175162430975917,-0.007912091147089453,14.572733398891314,216386.91071558508,48.09694352398353,1002.7384808482511,87.8846331868199
2026-02-18 15:54:02,-0.006788677604218233,0.9712348528802279,1.0153294261744432,-0.003729528126186918,0.9620621109864912,1.050392473410829,236.94839007178936,51.79244953640283,6.018551999746396,0.9941475489434114,-0.02673098214590995,-0.012709866084384633,14.98406204313692,214873.93476964987,48.35455855386075,1002.7303318109887,87.94439289359838
2026-02-18 15:54:03,-0.003161316167881282,1.0125320932746555,0.9809162707408156,-0.02589957579445981,1.000542356144339,0.9876692544912807,239.04120624997515,50.86838245719596,6.06891037575544,1.064331498395822,0.02259247156524147,-0.002491674409575997,14.963052827737442,215657.16784144295,48.32724334342136,1002.7436130277091,87.90844391377568
2026-02-18 15:54:04,0.005593282779682822,1.0497190697798453,0.9870252904656168,-0.016175585977689737,1.0097809657541883,0.9965505199248715,272.7167276756112,60.40512797605199,6.006966931098012,1.0196108188821793,-0.016918060875918833,-0.009439713709204694,14.63412714377395,215950.518840566,48.67543629552454,1002.7460618334358,87.850408387697
2026-02-18 15:54:05,0.004847220727177035,1.007262580166263,1.0154478159157758,0.005710300400610099,1.036603151328466,1.0290465806591476,278.0753293202028,58.725478453575285,5.952952516388341,1.0992465279319323,-0.016090759706091032,0.012564346388601395,14.760335248113982,214741.26763299722,48.48003380597611,1002.7521245473588,87.80718860814584
2026-02-18 15:54:06,0.027316372885618476,1.0090204595735173,1.0109847819327111,-0.026029827281873537,1.0143843917366746,1.015532007990127,271.0563466855286,57.970235648899404,6.089888817271887,0.9947072266483231,-0.01569047892335747,0.007184231757466937,14.56928592148148,214695.75899723533,48.70195040068966,1002.7547273939897,87.82613599100385
2026-02-18 15:54:07,1.026279118348503,0.971231784940763,1.0331153351837619,1.0008436622479246,1.017297173148326,0.9433778834790384,382.7981617615248,80.22983677294152,7.114164140163498,1.023892760779398,-0.0016809237648997776,-0.007040951811885923,14.666767959092807,215866.61689983736,49.10815930048906,1002.7497830733955,87.84903591606451
2026-02-18 15:54:08,0.9974677865647584,0.9674462619686541,1.0188712372652509,0.995912597500028,1.013656146433049,0.954434286952274,384.3094780209811,80.87012342840643,6.832646928183856,1.0330001357547443,0.01248987114220261,0.006825734395258664,14.595227714590015,216067.8076422073,48.617945569480234,1002.7391323182356,87.79983250034931
2026-02-18 15:54:09,0.9943685785415428,0.9882699984933008,1.0300430465058945,1.0198064586925277,1.0129050978545797,0.9860245662432018,391.2352596004396,80.01722357648389,6.894225789346476,1.092969663776233,0.012048774127952626,0.03999535468775868,14.860271157992816,215517.94228022377,48.49999731985675,1002.7333459689719,87.93035672911566
2026-02-18 15:54:10,0.9613810161521764,0.9967551068490905,0.9712459832293726,0.981742739100241,0.9676763592869831,1.0343313560611422,375.699249279235,81.39207618243445,6.929140739736093,1.014099072894485,0.04302330231743682,0.015129036122628213,14.440212645687765,215035.24713591582,48.351158555967984,1002.7349492009254,87.91927640399356
2026-02-18 15:54:11,0.9944007974557635,1.008484450700972,0.9946168210415472,0.9716752652711439,0.9943336758881062,1.0270340387328574,377.512633756254,79.19840537058451,7.02798191458611,0.9424610669584729,-0.007177531616417971,0.0072985863268844355,14.366670999481281,215751.4860808854,48.40630687004771,1002.7306219300903,87.97485623632342
2026-02-18 15:54:12,0.9873668137124685,1.0101966024994622,1.063222300318108,0.9965437568821525,1.0446737639787573,1.0223936901356616,375.76010350524825,80.03301897861549,7.08694205444915,0.8967645311113838,-0.0039002436825798462,0.014608648814193851,14.566391343119355,214102.99632566472,48.551080971022664,1002.7311934849149,87.94732851556724
2026-02-18 15:54:13,0.9976273343634307,1.0492421795276163,1.0185123748581795,1.0138900728720035,1.0281034076615772,1.025753124049112,402.03247164773666,86.21674372288808,8.370730384306023,1.0864379550588779,-0.0181839089101622,0.023253503023468607,14.564293030710456,216053.61425235638,49.00209519585892,1002.729781900875,87.96492453784946
2026-02-18 15:54:14,1.0099121024835727,1.0073428895740641,1.0294636828717691,1.021059750632506,1.0191768192806974,0.9767298633797428,404.2522382654213,86.3413491133072,8.07622969385859,1.0591675050404217,-0.013959295083223258,-0.020653114979622748,14.888969441663171,214208.58165733234,49.00832085200718,1002.7322146435796,87.92878912336423
2026-02-18 15:54:15,1.0064072130730357,1.0346993988131115,1.014914383806179,0.988551512184398,1.0075914234397758,1.0250016553028283,408.6019437707996,87.86492884505769,8.006006622487726,1.1302089644099835,0.021024758474667313,-0.0033654832596502044,14.48281862241251,214629.9229358903,48.34831879048443,1002.7303890911727,87.98402242939349
2026-02-18 15:54:16,1.0030211663454807,1.0047405766832445,1.0196373880393257,1.011241902240135,1.0237263636446219,0.9782630176006253,394.88035608672993,86.12287037592233,5.921503894958747,1.0212731734835316,-0.00456175146480588,-0.006359204386443949,14.803575500966438,215363.30467548492,49.642843221152084,1002.7321278236308,88.0058937256894
2026-02-18 15:54:17,1.0068119557035728,1.0452066769127022,0.999509061221341,0.9852669660046203,0.9801666826173865,1.035708905284165,409.08019859319353,86.03431338304712,6.188019129279591,1.0209432947664911,0.01051215386920205,-0.006792341980367629,14.656962106428656,215318.18391754292,48.96055196925971,1002.7253426969471,87.94669841451815
2026-02-18 15:54:18,1.0014778472851449,0.9550507961981836,1.1163732977078622,0.9912443267774315,0.9629393547685035,0.9909509747095929,401.42223900567313,86.39491215006007,6.031980007108277,1.0274646085646657,0.003911634098971036,0.036745331269900594,14.822887306110792,213905.41563581835,49.09848751285573,1002.7340027722043,87.97128866156247
2026-02-18 15:54:19,1.0068066250118588,0.9896327069609849,0.9945005471865468,1.012896613699914,0.9955190151715856,1.0153251397672878,412.2910891273939,95.00221759193448,8.08755767462967,0.977851542808554,-0.01313614302104022,0.011470636339230969,14.617559668284082,213496.06175601177,49.37714745957143,1002.7298743095696,87.91556651745289
2026-02-18 15:54:20,0.9504885526102848,1.032640102442853,1.0055292747734899,1.0153892221954233,1.020546335926592,0.9491134334338455,415.7212966967432,94.41217674133087,8.034088920576375,0.9662770099040167,-0.009554285198200113,0.021036282902420253,14.339048101618816,213164.7311153234,50.309330116581954,1002.729164535759,87.97691244990034
2026-02-18 15:54:21,0.999180106702971,1.0012989283818206,0.9322389046294849,0.9871819588747442,1.0088910042105896,0.965296977139761,414.43476268527905,93.94868215235573,8.120621624034257,1.0456896509088198,-0.026108731831814867,0.008173287821334405,14.437212099048232,213200.17428542682,49.98131583534622,1002.7252033887844,88.00879802501711
2026-02-18 15:54:22,1.0018023282233066,2.031301559891738,2.040765085669571,1.0114284428121685,2.0335411795668734,2.0402861128600165,419.00447778860394,97.48585409441377,9.109537007206157,1.0973365892125655,0.000276766197128677,0.04688537947062323,14.654049346955345,212674.85567360243,50.03380105478944,1002.7348311951106,87.97487282825466
2026-02-18 15:54:23,0.9980341835491953,2.0164844151578203,1.9898420986746734,0.9729357748066417,2.015571070722032,2.028063424891409,422.59343714477075,97.4263952584212,9.093285898914687,1.0573343936415645,0.004742914131189893,-0.02820005577355727,14.446530962569,211619.60845277226,49.95335783645192,1002.7316709438347,87.96160153113361
2026-02-18 15:54:24,1.0000791278909313,2.0317522107217587,2.004976376795044,1.0003303580583518,2.007270855427042,1.9694236111769745,413.1835028996984,98.5108445018488,9.035497231693867,0.9820632647669146,-0.0012810157656266558,-0.004125370676618021,14.931125127518516,212098.29937047337,50.4365807774651,1002.7336000940505,87.95497209339285
2026-02-18 15:54:25,1.015237317342945,2.0227401090312997,1.990654801818535,0.9850391540848897,2.042151015447689,2.0463779593439555,405.82646062710785,94.1957008484686,10.049708248988884,1.0450457570087044,0.01919412464233478,-0.0034176415695966905,14.315565833276667,212477.74559309226,51.363073564054204,1002.7385192445927,87.96478252615188
2026-02-18 15:54:26,0.993868441254744,2.024416531014286,2.002652058473154,0.9904240037996751,2.0368802616301953,1.9733991047576491,414.23891030725935,93.35088846273823,10.095139926158383,1.027885009543594,-0.017338166952556154,-0.0019520190598694225,14.496286691203789,210104.54275702004,51.084707705961726,1002.7362401183807,87.96221830010826
2026-02-18 15:54:27,1.0398820315741084,2.0466941350340906,1.998214048803036,0.9827451437850466,2.003478557643411,2.00756072939991,402.0175692930076,95.35426520188106,9.733986997038727,0.9765763653274996,0.004298733152665577,0.017985706447153763,14.660181051137014,212165.21205907885,50.81933361691828,1002.7356548168619,87.94589831234873
2026-02-18 15:54:28,1.015045781119423,1.0329769008908212,1.005659383260925,1.0128326251376434,0.9762039802379432,0.9922309174760487,410.2482407856088,91.44241757497582,9.03026053674438,0.9308701936042941,-0.01224534395176875,0.005005553635171552,14.594877286304133,212235.03996511636,51.00487561776371,1002.7330678356523,87.9559976483889
2026-02-18 15:54:29,1.0036491531460514,1.0332065464671303,1.005393913230581,1.0128550980734703,0.9815512998439282,0.9786446400501756,407.25421685453244,90.92382512008902,9.189419588877865,0.9581686770754838,0.009604162432414326,0.01385866956088323,14.526236442322979,212419.15171588914,51.44663365375389,1002.7313569019785,87.98379852949964
2026-02-18 15:54:30,1.0003749434652796,1.0067897509879542,1.0023127126249798,0.9924121141158773,1.0018482974177345,1.0429351385924235,408.18202274509673,90.21958966318797,8.960705029611812,1.0989753097465653,-0.010521280307126367,0.020053951693325883,14.81390306366018,211676.53486310178,51.67831979149214,1002.7302788347201,87.98932824791065
2026-02-18 15:54:31,1.002367703132504,0.990456357088704,1.0019270414952741,1.0099618627956242,0.9962990193016739,1.0588554166505264,375.37186468696945,82.65755426920815,8.708695724332216,1.0336327995068149,0.01644902395962292,0.0071904436427593045,14.617154067566139,213019.47557036957,51.050363512765145,1002.7255762784265,87.95617292008214
2026-02-18 15:54:32,0.9887659706560918,0.9883753734594414,1.0473231269447816,1.0081017090425048,1.0513376411080648,1.012596805358446,371.7997938800776,80.53108659135296,8.819326335736518,0.9737859474819113,0.013703913315235457,0.015141461782844312,14.766608420035881,212253.3274162589,51.66440616570738,1002.7348715300577,87.9228071045936
2026-02-18 15:54:33,1.0022618453309955,1.0267295761287831,1.0342349890354592,1.0017154325667073,0.9606765187337782,1.0540395242168776,373.21506883691774,81.52592456950246,9.04825510802302,1.0214905025079566,0.008917750803283955,-0.003270487616704636,14.551284858890519,211107.22067479455,51.86195729712722,1002.731748442643,87.96010125297828
2026-02-18 15:54:34,1.0084246304973286,0.9401030024251501,1.0344545103325498,1.0393118412628424,1.0046107245860303,0.9985479598306811,355.56672418023857,80.98431468968165,8.923739440483576,1.0586786573705493,0.007761052447345839,-0.006479569375348562,14.767219526597986,212352.2128960078,52.11141228886917,1002.7427431844454,87.8782452715976
2026-02-18 15:54:36,1.0133872848383156,0.9708706605289117,0.9847183663819136,0.9900443053409937,0.9774173824541801,1.010550318184022,348.57943078605,80.47285094688674,9.057805798350358,0.9788101958202168,0.008212444608074002,-0.01026717591970819,14.649205347605795,212355.44035324437,51.30413716368082,1002.7523970830912,87.82731650518937
2026-02-18 15:54:37,1.013408115842726,0.9802455953902862,1.045872310253426,1.004116666111022,1.0095909926399227,1.0112969282586053,359.2735571807472,78.50664800555059,9.03410888551865,0.9632689749870313,0.008979652092755685,0.005055363141776166,14.376266348281447,213850.54794736573,52.53024482463142,1002.7413212913993,87.84140406629076
2026-02-18 15:54:38,-0.0006173231811562275,0.9997199303640607,1.0420607088728537,-0.0023841183825536513,1.0168341065923485,0.9717519264707813,261.58431950172354,58.06692607081427,7.963680893010288,0.8930975025893637,0.012127749799519284,-0.011303184067255041,14.438232361425396,214259.57598710636,51.55580598239446,1002.7433594870648,87.83745972660621
2026-02-18 15:54:39,-0.0193533192191849,0.934981410972923,0.9903226214168082,-0.0021914081405549927,0.995477124993101,1.0226713795133375,266.5829087554369,55.50241435418964,7.894012399401739,1.0921699528356361,-0.0018343762456349108,-0.013111657235964358,14.777460348033953,215517.355319351,51.50657081254309,1002.7321936566073,87.96612478425813
2026-02-18 15:54:40,-0.007059168586773837,1.040708491397314,1.0541799209162936,0.0065565203364720305,1.0209220195457345,1.0291652009954622,258.57032097784605,55.3942936550811,8.068151265904513,1.0574750155562196,-0.013896046299843572,0.014048977923767185,14.606554341406182,215361.0686388257,51.41555164791757,1002.7345176390969,87.94078005803458
2026-02-18 15:54:41,0.030449708718522622,1.0228460337573306,0.9864026884595559,-0.0008828933612949671,1.0011423657384746,1.0020646330532008,263.888094027618,61.84375938276111,8.048501053861832,1.063211302472489,0.0031044487180569426,-0.010876066148859356,14.763906992482168,214704.8242513621,51.69594194380166,1002.7312267456666,87.95854763338812
2026-02-18 15:54:42,0.01869925084666351,1.0604911597629387,0.9508332140230696,-0.010166569361908063,1.0016953005158526,0.9554505301058398,267.2872417839425,61.60811654438219,8.018469921455418,1.055824474914416,0.011901934362877991,0.012760055574982044,14.690210286084703,216129.17700116977,51.05198482551824,1002.7256043758232,87.96537530872018
2026-02-18 15:54:43,0.010066229484334489,1.0354605917913837,1.0413072949202555,0.0060334915979639485,0.9952457935657647,1.018760941141137,274.14845752540657,59.64128247293459,8.174721735226518,0.8760390195430798,0.011897351178878428,-0.0012495705818869828,14.407951989343712,217060.3908188391,51.81394739729395,1002.7307150118152,87.99420492747194
2026-02-18 15:54:44,-0.008500647812582215,1.0346260370917655,1.0038255549854544,0.023440617378648047,1.0243134254408979,0.9609495133435215,261.8447312994104,57.202311453912415,7.069768748493081,1.0245631053950301,0.031128050504495058,-0.005276954924445215,14.387657238556365,216538.9732730591,50.903324479400396,1002.7365599948378,87.95281088217756
2026-02-18 15:54:45,0.00408865112429375,1.0678122381039463,1.0375476582096501,0.019522032736236067,1.0104238922325472,0.9826061618350728,263.77749250458317,56.899798834067674,6.945032373931607,1.0482816930186911,-0.004007600356753429,0.018193116646289226,14.54007182980926,216601.36752443368,50.94806774957223,1002.7330341567517,87.96322636011821
2026-02-18 15:54:46,-0.016588333253517832,0.9911781016560001,0.9843939374125301,0.007383946872187096,1.0494365250282105,1.0116043791473448,260.434314674661,57.77877898274454,6.982403629263241,1.0220183849712405,-0.018362470950776873,0.019530349729118546,14.5659786101935,218310.4891312056,50.39710938510871,1002.7356897930053,87.9097811149831
2026-02-18 15:54:47,-0.0050049109439369134,0.9658722341420457,0.9688335027243103,-0.008019864881572011,1.0412285138635033,0.9839533187908186,257.212907442717,53.88339408662393,6.029052869443208,0.8538637909609931,-0.004690145191891997,0.0072784438517003065,14.42405377826888,216190.24567742716,50.50198284751673,1002.7199483918788,87.97392762176747
2026-02-18 15:54:48,5.429944393595381e-05,1.0004388016023464,1.0454840859598473,0.007147692431028257,1.0217982176504745,1.0154294146947018,256.46773686387667,52.810177664317145,6.05822855890162,1.0085920688589265,-0.0027450579377846186,0.02615238036296206,14.586465189658618,216179.76463342056,49.87246407141958,1002.7283773846733,87.96583119083077
2026-02-18 15:54:49,-0.0018408064369756392,0.9843671745071702,0.9644319018634082,0.021927197280019642,0.9481098234657938,1.0007194664046006,242.388218632018,52.14085391646172,6.248462148131844,0.9994679774032206,-0.008756637042924264,-0.02257911227014043,14.464482094606666,219430.62841596495,50.487832762059774,1002.7160259654839,88.08591315574571
2026-02-18 15:54:50,0.01984138469936551,-0.00016571396498930944,-0.04025798191761245,0.023696558779595554,-0.03351675285823258,-0.042392298161790194,273.1423076130386,52.8630250160229,4.303727292825061,0.08948004171474074,-0.012432703315574783,0.02099687185600524,14.368318408286182,216953.1441555943,50.37912642919068,1002.7090410004474,88.12557976461625
2026-02-18 15:54:51,-0.019176011497955812,-0.021691472421412755,-0.05142444392948441,0.010050168631333062,0.03363994830902586,0.012899338304890103,269.9442560022106,55.06876508568129,3.9659932886172458,0.010275312775023963,0.0018211508511970019,-0.008703920196925282,14.501771342168063,217276.2644640533,49.72972076215183,1002.7142885174602,88.13809332940093
2026-02-18 15:54:52,-0.010064868150215435,0.022303124664161157,-0.07808622232810414,-0.0018302733114921692,-0.006049554520010445,0.025795305795818006,268.4116494427443,52.99336511477748,3.879935798455999,-0.01855905763833249,0.0028993820842094196,0.00034887033041449073,14.351724681705056,219403.98567962638,50.191193018656705,1002.7061256286142,88.12703924061341
2026-02-18 15:54:53,-0.01841550613634287,0.020841967102791525,-0.024118821684078157,0.0008439068315342544,0.013284853853527847,0.03891287284748998,263.79276328562037,54.06950349762499,2.9547615000512604,-0.01852200696903104,-0.012365014402834034,0.009660564467315363,14.210826594311861,218751.85404798947,50.34579382286089,1002.722427706496,88.0736655680474
2026-02-18 15:54:54,-0.016140170588055586,0.006203006890501223,-0.058812573238400376,0.0168820026021836,-0.01019568378362213,-0.003421007754784239,276.939497797924,55.25933860862504,3.1057972887825267,0.06793516255700935,-0.014021400476259986,-0.006913042187674664,14.632465851260617,218121.6329060236,50.53752037721881,1002.7106956430036,88.13868089827125
2026-02-18 15:54:55,0.006251424793667025,0.015430667809133401,0.006782084397733599,0.015492022098774044,0.021036033091970302,0.005986986786738141,274.5289581631292,55.107931916372216,3.1706181057555445,0.06451630573160946,0.009875814259652472,0.0033697143941009144,14.099821720316367,218463.00894831138,49.72332717997156,1002.7091002713638,88.17543278406467
2026-02-18 15:54:56,-0.022070302586491616,0.0031357736942700383,-0.060802624703974864,-0.024654675418016612,0.033024171883229286,-0.038026199177309074,242.64658890177196,53.13762073053609,1.976399514640725,0.003020735602952537,0.011495904283579446,-0.0026692757953152065,14.129240867922464,218390.066498804,49.36366314782815,1002.7057196873635,88.13619439275391
2026-02-18 15:54:57,0.01663847030517788,0.027458699460762424,-0.025676296286141508,0.015073125708312395,-0.025840163757268084,0.06831531076471554,257.69660086038783,52.99370508900352,1.8972975419295606,-0.009745089928240407,-0.008831526017844208,0.00048713038601422764,14.478160247742894,218976.34979973314,49.922996213998665,1002.7113322304518,88.16289385214468
2026-02-18 15:54:58,0.00021176197581807953,0.008948316482760753,0.07963094133169007,0.015957105673173013,-0.01504879368004952,0.054220029626911775,250.17215206521368,52.4208946051693,2.1005826230727838,-0.14185223837957672,0.0013828257952101081,0.03727952769039703,14.378762467589018,219485.98174075226,50.52770422921968,1002.7096691559871,88.18710648612642
2026-02-18 15:54:59,0.00541675011046904,-0.00012565512952730177,0.018617432414357496,-0.010293682172858065,-0.03811737112222019,0.007035534191162324,244.21537161490397,55.58426077978158,2.1385482553166013,-0.12369335016558634,0.011943632568410882,-0.0251637641613463,14.242277957763525,219734.29658388387,49.74568532058924,1002.6996162962462,88.15860492054784
2026-02-18 15:55:00,0.009605867957049718,0.032374045490364024,0.009670449596210435,-0.008266899628595746,0.013458726578908637,0.004212299739933716,242.21520157955473,55.36739517153955,2.2031169662481918,-0.03983503198310086,0.006192259540959869,0.0007446952711628271,14.593342886766106,219947.24411918348,49.63589161749524,1002.7095313845108,88.16833537008223
2026-02-18 15:55:01,-0.002811944571160821,0.041404252076216654,-0.04171457568223423,-0.008120039784230523,-0.03809871062470876,-0.08194756684956735,252.39706506260495,55.77382855514154,1.9413078548565115,0.008278124695968052,0.028787331379218815,0.010342255634840694,14.233211570972603,220387.10918792058,50.1092375718188,1002.7051567518216,88.12375346179012
2026-02-18 15:55:02,1.021309102446295,1.043516793533361,1.0005709075877383,0.9931621410277379,0.9972312794620565,1.0399248479381666,321.51701207191746,70.82964024798,4.092903202713507,-0.03658947965579806,-0.016998562226832405,-0.013678644297861177,14.255369193019693,221524.4934617323,49.51453569434665,1002.705338897192,88.15092143891144
2026-02-18 15:55:03,1.0011660769797337,0.9803022039387478,1.0096293123042241,0.9810772204398951,1.021326204471039,1.0254448894986368,314.7754751890214,70.41369848849781,3.785945810058236,-0.08674216334690021,-0.020364351851179584,0.0015302987373182046,14.259649236180147,219546.47504595484,49.469246068653334,1002.7062193910685,88.16666978450168
2026-02-18 15:55:04,1.014141137352676,0.9927175725567644,0.9588670226884636,1.0095235804180085,1.0631575791250492,1.0331589220015456,315.11531561198916,70.80973143557796,4.025177799385911,0.01594674770712162,0.015598785348102998,0.008976835801230685,14.3350068139605,221274.843210115,49.31446556094932,1002.7004001260857,88.1652244308912
2026-02-18 15:55:05,0.0011244853579809883,0.9610389577734275,1.0120968347005934,-0.00851572901826586,1.0172790846428836,0.9957688870851724,314.3645420920216,67.56693941381785,4.154470403493243,0.017068213814067645,0.009739404766083929,0.009882375721960514,14.336854977915742,220680.94400656153,49.58262918168752,1002.7037456647159,88.16349812261186
2026-02-18 15:55:06,0.009195252774011535,1.0008175994596733,1.0448545361600874,0.0032583876755254036,1.0413406869028456,0.993831353796748,313.7085472006626,67.96025197458842,4.27451949264273,0.10959762779056481,-0.00440547411622168,0.017213761907687114,14.427500716945758,219953.74459773174,49.561131915391215,1002.6979252194288,88.31904974308952
2026-02-18 15:55:07,0.009029397149079577,1.0186360839902397,0.997588670602141,-0.003743511500799084,1.0143713038733546,0.9703310029243059,319.22394635837736,68.51918931558525,4.089597379818834,-0.006177707124532746,0.021398190825278936,0.02155022674015754,14.151201660845185,220505.7977586068,49.66021853306815,1002.7030019582764,88.18704796505824
2026-02-18 15:55:08,0.008559827237503124,1.0037520602328036,1.0022631493170158,0.008645407881655808,1.0157625293785388,1.0322272124724345,312.440525070632,72.27737579849274,4.004565782929797,0.002516616545471976,-0.005898668472843413,-0.0009409637309699568,14.202636868907415,219903.61531426822,49.688587916723144,1002.7030862942635,88.2450474931834
2026-02-18 15:55:09,-0.011541379765139982,1.059852450625747,0.9456149236208337,-0.012138079653927087,1.0016598866704145,1.0468295032103012,307.0741492662276,70.8312905959848,3.8223611640121624,-0.03091377525997434,0.012360698689915893,0.005670025453309281,14.155839098175248,219903.07419817772,49.17027243484992,1002.7007595071809,88.2721249063542
2026-02-18 15:55:10,0.011651768836421335,0.9963942598338451,0.9654010225806698,0.008519305319509556,0.9970075808402127,1.042922818993085,301.66819761489205,70.14363101681319,4.07856356466822,0.1998309379769077,0.0014773696227044024,-0.018073470171742455,13.998080920573216,219345.61647395595,49.975810646042866,1002.6932427399267,88.31173175674353
2026-02-18 15:55:11,-0.0007346468356592816,0.9778764794357342,1.0409236181541082,0.010912650449805415,1.039359714306521,1.0141797582993954,318.3874713833374,66.0560726578542,4.141931830421104,0.06383103347541731,-0.007896433218584534,0.0034966222172801804,14.134244591164208,220510.2930329236,49.32586841119762,1002.6987583742927,88.31302181807237
2026-02-18 15:55:12,0.014886790620677047,1.0229283722412539,0.9881348437250205,0.018126011070645497,1.0176619634582766,0.9984244856272946,330.06631575475467,67.05808586966573,4.201934983661254,-0.03840905867603961,-0.0023418642953791733,-0.01853883547193498,14.223249139319735,219891.42339738907,49.739907103014154,1002.6920880546701,88.26978204556691
2026-02-18 15:55:13,-0.030829926033735695,1.011586117998228,0.9799300932256879,0.03688186913440116,1.0166496372325278,0.9761737387240769,320.1957094058318,66.18600768144104,4.081414509122525,-0.11762750613707351,0.022832837844256326,0.00453129030452442,14.18323064307024,220727.5509816348,50.29432856502968,1002.6928805744623,88.32441891899522
2026-02-18 15:55:14,-0.019515272638067058,0.02247672620235211,-0.012749830564332489,-0.02981906193905266,-0.008981493500413749,-0.01303149553343286,314.058847496998,63.94958743570473,3.893809618293873,-0.07023723545930617,-0.0017129886856710706,0.0173614881328476,14.370088553701864,220049.48136251487,50.079851054082425,1002.687668601266,88.2986455530822
2026-02-18 15:55:15,0.010553441855870925,0.015827203913081924,0.0067982890927574535,0.009844629532480477,-0.001801670917069998,0.022929223225026392,304.1383160443069,63.82021679517197,4.130374187402568,-0.04448806043181465,0.028177850654911976,0.010910967486215388,14.178699209772908,220308.8962833099,50.44626558199499,1002.6886702542375,88.26727097174816
2026-02-18 15:55:16,0.0352141074201873,0.014226800029245359,-0.02699357845801156,-0.007055252529237519,0.06377788674583511,-0.00014448648040539178,315.58499270317515,61.99724117737205,4.308569006546957,-0.07515116987245801,0.006863635036013489,0.005851104167023268,13.992797865243718,220407.4975694277,49.75641230324957,1002.6979294881262,88.27547272044778
2026-02-18 15:55:17,0.018340656546058532,0.9499706076039595,1.012519871537844,-0.02701871165705192,1.0057999911100428,1.0590642157249672,329.6540711623936,63.782253524249924,7.002909338700124,0.011271140225396348,0.00043166519776750845,0.01715568439193405,14.052055940083273,220323.04590207268,49.71083493568737,1002.6956954909597,88.349002695421
2026-02-18 15:55:18,-0.006579480716624564,0.9879357366778032,0.9668813781289427,0.018467053914306662,1.0436967879008987,1.044072791581622,312.4603874630681,63.77598328691347,6.91848330962826,-0.05103786460402192,-0.011387427806659679,0.021339131172745322,13.998935811326618,222243.85759518013,50.29566556895448,1002.6984432172077,88.25650622743355
2026-02-18 15:55:19,-0.023152728500985348,0.9916555774487696,1.0324823406223569,0.02654739389294455,0.9935594851465366,0.9902111314923104,322.4111627390463,64.1207053459963,6.992720556660719,-0.09180989113756223,0.015133039423119866,-0.00860013173073718,14.02406776438427,221951.28286093043,49.90364788823397,1002.6978195468851,88.19589154849598
2026-02-18 15:55:20,0.016877808213071523,0.998270993472379,0.9762582457676607,-0.001763341948322109,1.0295034460096224,0.9713851282978742,326.94882246617806,59.426346131945905,9.042477083759426,0.064034478409208,0.007733929876438218,0.023186446189482544,14.090366046932608,221936.36777303298,50.5436988775274,1002.6925588222946,88.29276223002628
2026-02-18 15:55:21,0.0033667140378574687,0.9955727714314518,1.0493350120591804,0.00815717472099013,1.015629515389912,0.9919203295190898,330.37297673502474,61.4317168744604,8.96271071024417,-0.08721241181134821,0.0032667702759508286,-0.007426485348694924,14.208605223727956,221198.76827653236,49.46397664159426,1002.6824936896046,88.39659996303311
2026-02-18 15:55:22,0.01441695028957326,1.0190025019864106,1.0084964170345099,0.0036563752659553705,0.9968171135601414,1.0415381497614395,324.8226280106036,60.124297984543226,9.155543209052976,-0.15744372056180522,0.006094069771127772,-0.0025065129725073522,14.219169280093173,223670.3493216607,49.99162456364502,1002.6870027575352,88.34928125285997
2026-02-18 15:55:23,0.006622601629402687,0.02414265858737978,-0.01714304175753545,0.01186334052061937,0.02543814748610381,-0.0072582558066774695,308.96853044444816,57.36201156780187,10.112543907807632,0.08506672962591653,0.002621528326136484,0.015980224192167387,13.957079541412213,221832.4067824567,49.945752108135444,1002.6882320911869,88.30202238113472
2026-02-18 15:55:24,0.005233342824910359,-0.022900050379472986,0.03687773132385695,0.019216791724758663,-0.034088847146368076,0.02564872480395075,308.49330304806995,57.118415106199144,9.992869146536131,0.14441875495552645,-0.0143146262050468,0.007354361726101266,14.149988600722475,222281.93804451046,50.12519933072433,1002.6920546028574,88.34263177826334
2026-02-18 15:55:25,0.0533862116422586,0.026538008411142136,-0.03332304445865073,0.010433241412982061,0.023489967006475876,-0.008478603966654638,310.5693149963796,54.66983698119554,10.042312660723683,0.022939709068321247,0.014891893306393584,0.004206518466386589,14.071671821098043,220951.02378407618,49.96616027748377,1002.6812656354163,88.31578357762282
2026-02-18 15:55:26,0.00468224862866686,1.0238232405581948,0.9921338567815221,0.010465320243674244,1.0292881343707991,1.0194858267609703,318.0973721220916,58.881062046602715,10.804490681975643,0.06789696076190072,0.033873457797361096,0.0073129733886085225,14.021177880385995,222911.46938292272,50.007934766061965,1002.6812432302455,88.3797236539863
2026-02-18 15:55:27,0.0021843710168191624,1.0205932754237834,1.0089743120664287,0.02550371073338876,1.0153576498984103,1.0252035926055678,323.5665632978576,61.026814603821244,11.096095351470236,0.06692646351800388,0.0313820093623279,0.025316192846158415,13.967883563499901,220446.73783872835,49.816520662542864,1002.6801367745978,88.33851423180526
2026-02-18 15:55:28,0.0028239098622405757,0.9694440219860294,1.0052882221600998,0.0021137447202019175,1.0435867392674583,1.0393003750161394,326.8448352877569,59.453401361689274,10.827597051278966,0.18396173064449187,0.006288759548321089,0.005697110470140512,13.951669440067517,220307.0611989244,50.10893465049133,1002.678013037133,88.35265518609316
2026-02-18 15:55:29,-0.004751581689738761,1.0199697460708768,0.9473323992131903,0.020007684734819866,1.0061487000582205,1.0530811735646775,322.7449968147334,60.49642698132239,12.002674332596353,0.951663807863674,0.0006446631687761556,0.016397106490116484,13.978592359829168,220796.98931034503,49.651492392593354,1002.6728570425786,88.48264826857739
2026-02-18 15:55:30,0.02112827191226206,1.0102735615976755,0.9807932995844648,-0.008652063434111689,1.0039772706465326,1.0493360948789259,319.19055370892494,59.85659080651636,11.974023066108883,0.9889850625072364,0.005994629307251998,0.01601421961234692,14.209306372947447,222490.26790836043,50.16579337661468,1002.6687063560299,88.47966421448793
2026-02-18 15:55:31,-0.0009385792200335644,1.0341672042255046,1.0142831412941182,0.031285568301987005,1.0177063551362748,0.9928248887816353,310.57608148233584,57.799289605734856,12.119562705809699,0.9901075628274285,-0.005120801265033026,0.03759709856643642,14.196316394296964,222371.18514858896,50.59546429428109,1002.6835551647657,88.42021852586335
2026-02-18 15:55:32,0.01534435407544099,0.05657170063748518,-0.03140456430856188,0.01701867932979798,0.03166606111570856,0.004631504329858025,233.34905549516077,47.12065201809653,8.977068637816696,1.024444779854855,0.009126588589712544,0.02650779789529925,14.181820965164654,220228.86686500293,49.84930144918699,1002.6799676059879,88.41960589302964
2026-02-18 15:55:33,0.009588885052745801,0.051268893128777415,0.048093547505421524,-0.0017235651934735339,0.023603384105616788,-0.026873117483184675,243.7470302297914,46.45262099389837,9.039465059066227,1.006361276717403,0.01061791096781179,0.01582141255178294,13.727848521683914,220332.80295866958,50.47956025073475,1002.6752364109103,88.48103076172072
2026-02-18 15:55:34,0.024962792714345334,0.011211652126044474,0.02443162849462456,-0.02982002031434958,0.0019939423184305253,0.00197604492745726,236.23105661148813,46.739035496123634,9.281226637619115,1.0151241931240962,-0.014237380009272242,0.01607647092535177,14.24632744700866,219089.8150992735,50.54802017342236,1002.6687687709142,88.44095158322872
